VenueID,OfficialName,PlaceID,District,City,Latitude,Longitude,Capacity,AlternativeNames
1,West End Centre,ChIJyTt8_LwsdEgRZVl8J1uvmVI,,Aldershot,51.2492128,-0.7973082,150,
2,Lakewood Amphitheatre,ChIJhyDR4lcC9YgRPgyqKCKfCOo,,Atlanta,33.692992,-84.4371643,"18,920",Lakewood Amphitheatre / HiFi Buys Amphitheatre
3,Academy Birmingham,ChIJbeJYcWG8cEgR4jbwFppZ4h4,,Birmingham,52.4732915,-1.9024704,3000,O2 Academy Birmingham / Carling Academy / Academy Birmingham
4,National Indoor Arena,ChIJT_6G8vC8cEgR4G7WHLkHHQo,,Birmingham,52.4796988,-1.9173727,"15,800",Utilita Arena Birmingham / National Indoor Arena
5,Brighton Centre,ChIJe8QstQ2FdUgRmZu62Xx4mOU,,Brighton,50.8212322,-0.1490484,5000,
6,Brighton Open Air Theatre,ChIJU4hF6WWFdUgRzwYOHYC-Y9g,,Brighton,50.8363216,-0.1563236,400,
7,Chalk,ChIJWe2JRvCFdUgRTpMG46n-PsU,,Brighton,50.8363211,-0.1640484,900,
8,Concorde 2,ChIJo3wfUKGFdUgRQNAo03TkNIk,,Brighton,50.8172782,-0.1251001,600,
9,Patterns,ChIJT84AKaGFdUgRusg2kAEmTcI,,Brighton,50.8200291,-0.1376695,580,
10,The Freebutt,ChIJzRbkvp6FdUgRLlPC8uk7Nq4,,Brighton,50.8288397,-0.1355675,150,
11,The Hope and Ruin,ChIJwd8eVQuFdUgRnO985SnWMls,,Brighton,50.824759,-0.1457206,150,
12,Brixton Academy,ChIJL1UqD2cEdkgRidF8HHIq4fQ,Brixton,London,51.4651626,-0.122871,5000,Brixton Academy / Carling Academy Brixton / O2 Academy Brixton / Academy Brixton
13,KOKO,ChIJP63vNSAbdkgR5gk8mcL7EqQ,Camden,London,51.5347376,-0.1431282,1500,
14,Dingwalls,ChIJL6Ksh_IbdkgRMp_R13W_2-8,Camden,London,51.5412456,-0.146409,600,
15,Electric Ballroom,ChIJv6G7F_MbdkgR2Gf6YmO_P_I,Camden,London,51.5397,-0.1455749,1500,
16,Hylands Park,ChIJ-VInA8iZ2EcRpT7vP8y_P_I,,Chelmsford,51.714104,0.4308577,30000,
17,The Eden Project,ChIJ92S7V80bdkgRUsoyG83dQY4,,Cornwall,50.3601344,-4.7472927,50000,
18,St Paul's Church,,Covent Garden,London,51.5115492,-0.1263344,250,
19,The Coach House Public House,,,Dormansland,51.1614272,0.0072690412,100,
20,Vicar Street,ChIJV6S7V80bdkgR6soyG83dQY4,,Dublin,53.3426764,-6.2804115,1500,
21,Chequer Mead Theatre,ChIJX6S7V80bdkgR8soyG83dQY4,,East Grinstead,51.1166667,-0.0166667,320,
22,Jumpin Jaks,,,East Grinstead,51.126535,-0.0114989,250,
23,Winter Garden,ChIJZ6S7V80bdkgRCsoyG83dQY4,,Eastbourne,50.762622,0.2819376,1000,
24,Hatfield House,ChIJ9VZBr5w8dkgRAf8Hw17MMg0,,Hatfield,51.7606481,-0.2118135,25000,
25,University of Hertfordshire,ChIJBX114mA8dkgRLeSGdWUR2mo,,Hatfield,51.7499215,-0.2444461,2000,
26,The Garage,ChIJEbZbzHobdkgR5u-qZKtUYBQ,Highbury,London,51.5467951,-0.1086101,600,The Garage / Relentless Garage
27,Hope and Anchor,ChIJFUGXpWUbdkgR8Ex5YtnWpNE,Highbury,London,51.5432753,-0.1060332,80,
28,Palace Grounds,,,Bangalore,13.0139835,77.5839761,4000,
29,Academy Islington,ChIJ99I2-isbdkgRpD_1q-Kqj2M,Islington,London,51.5343501,-0.1084586,800,Carling Academy Islington / O2 Academy Islington / Academy Islington
30,Academy Oxford,ChIJz-A_yvPAdkgRpR9S55vK9n8,,Oxford,51.7346252,-1.2457226,1150,Carling Academy Oxford / Academy Oxford / O2 Academy Oxford
31,Imber Court Sports Club,ChIJbWPdmx8LdkgR7WXnQGLfQY8,Kingston,London,51.390752,-0.3525589,5000,
32,The Fighting Cocks,ChIJQaND7OkLdkgRQ-pzZQtjBhQ,Kingston,London,51.4106934,-0.3008454,150,
33,The Hippodrome,ChIJ51e-9b8LdkgRGp4TZQYPNYE,Kingston,London,51.4083416,-0.3070741,2500,
34,The Peel,ChIJF9dGhfoadkgRWZtEPJsAvPA,Kingston,London,51.4080484,-0.2874186,250,
35,100 Club,ChIJHyyfXysbdkgRcErjucfOoxE,,London,51.5161149,-0.1402132,350,
36,93 Feet East,ChIJidMFFbYcdkgR5JvMOfGOfGM,Camden,London,51.5214444,-0.074186,1150,
37,Alexandra Palace,ChIJzacQU9cbdkgReQhGeXtnOJo,,London,51.5942375,-0.133386,10250,
38,Astoria,ChIJs6S7V80bdkgR996M_m49WpY,,London,51.5155774,-0.1328892,2000,Astoria / London Astoria
39,Astoria 2,ChIJ_9HmV80bdkgR-fL0Hj9V7C4,,London,51.5155774,-0.1328892,1000,Mean Fiddler / Astoria 2 / LA2
40,Barbican Centre,ChIJdbJk-1YbdkgRQB_SdWbiVsc,,London,51.5202077,-0.0963613,1156,
41,Barfly,ChIJQTtYReQadkgRERPeVZ6Y56o,Camden,London,51.5431286,-0.1873072,200,
42,Battersea Power Station,ChIJ4Z9Tf_0EdkgRXVFCTtu_oJY,,London,51.4808971,-0.1457575,4500,
43,Birthdays,ChIJkeYPjYscdkgRtWAQdfkrw6k,,London,51.5516586,-0.0778811,250,Birthdays / Moustache Bar Dalston
44,Bloomsbury Theatre,ChIJW03DYi8bdkgRs9psG8DY254,,London,51.5250179,-0.1354056,545,
45,Bush Hall,ChIJR_URUNIPdkgR-1exAnnZJ5k,,London,51.506399,-0.2342379,450,
46,Camden Assembly,,Camden,London,51.5431154,-0.1517788,400,
47,Hammersmith Apollo,ChIJ76v7x8UPdkgReS8l9D0Vv4A,Hammersmith,London,51.4830739,-0.2437894,5000,Carling Apollo Hammersmith / Eventim Apollo / Hammersmith Apollo
48,Cecil Sharp House,,,London,51.5381546,-0.1518814,420,
49,Crystal Palace Park,,Crystal Palace,London,51.4221083,-0.0735206,25000,
50,Earls Court Olympia,,,London,51.4963566,-0.2133386,4000,
51,Hammersmith Palais,,Hammersmith,London,51.4940451,-0.2267052,2500,
52,Hanover Grand,,,London,51.5138635,-0.1446975,800,
53,Heaven,,,London,51.5081289,-0.1289059,1725,
54,Kentish Town Forum,ChIJC8fW34cbdkgRI7yS9C0Vv4A,,London,51.552197,-0.1445439,2300,Kentish Town Forum / HMV Forum / O2 Forum Kentish Town
55,Hyde Park,,,London,51.5073637,-0.1689844,65000,
56,Institute of Contemporary Arts,,,London,51.5060461,-0.1337465,350,
57,Johnny Cupcakes,,,London,51.5060172,-0.2135714,25,
58,King's College London Student Union (KCLSU),,,London,51.5082224,-0.112605,200,
59,Lafayette,,,London,51.5341922,-0.12837,600,
60,London Stadium,,,London,51.5386745,-0.0190346,80000,
61,Monto Water Rats,,,London,51.5290046,-0.1221154,200,
62,New Cross Inn,ChIJoUr3svkCdkgReA8T2GdeBtc,,London,51.4757857,0.0397478,350,
63,Redux,,,London,51.5137898,-0.1020658,100,
64,Roundhouse,,Camden,London,51.5432545,-0.1544439,3300,
65,Royal Festival Hall,,,London,51.5058062,-0.1192037,2500,
66,Scala,,,London,51.5307521,-0.1232964,1145,
67,Shepherd's Bush Empire,ChIJwY0KjMQPdkgRD_fWHLkHHQo,,London,51.5034599,-0.2267655,2000,O2 Shepherd's Bush Empire / Shepherd's Bush Empire
68,Somerset House,,,London,51.511059,-0.1197229,1500,
69,Southbank Centre,,,London,51.50602,-0.1189897,2500,
70,Spice of Life,,,London,51.5134183,-0.1323517,100,
71,St Pancras Old Church,,,London,51.53495,-0.132763,120,
72,The Borderline,,,London,51.534949,-0.1507876,300,
73,The Duke of Uke,,,London,51.5236995,-0.0701281,25,
74,The Islington,,,London,51.5418648,-0.1070493,100,
75,The Library Islington,,,London,51.5447064,-0.1062486,60,
76,The Metro Club,,,London,51.5161872,-0.1336451,175,
77,The O2 Arena,,,London,51.5029727,0.0008628,20000,
78,The Old Blue Last,,,London,51.5244124,-0.0826999,150,
79,The Pigalle Club,,,London,51.5095198,-0.1349582,400,
80,The Underworld,,,London,51.5392238,-0.1447202,500,
81,Troxy,,,London,51.5130816,-0.0466542,3000,
82,ULU,,,London,51.5226126,-0.1337003,600,
83,Union Chapel,,,London,51.5447911,-0.1050923,900,
84,Wembley Arena,,,London,51.5581441,-0.2853297,12500,"The SSE Arena, Wembley / Wembley Arena"
85,Wilton's Music Hall,,,London,51.5107013,-0.0694716,374,
86,XOYO,,,London,51.5254634,-0.0883098,800,
87,Tweeter Center for the Performing Arts,ChIJy6S7V80bdkgR8G7WHLkHHQo,,Mansfield,41.9924315,-71.2225622,19900,The Xfinity Center / Tweeter Center for the Performing Arts
88,St. George's,,,Margate,51.3632782,1.3610278,5000,
89,"The LCR, UEA",,,Norwich,52.6214967,1.2392561,1550,
90,The Waterfront,,,Norwich,52.6247092,1.3003409,700,
91,Oxford Brookes Students' Union,,,Oxford,51.7544601,-1.2273527,300,
92,South Park,,,Oxford,51.7513586,-1.233786,40000,
93,The Point,,,Oxford,51.7513581,-1.2415108,150,
94,Worthy Farm,,,Pilton,51.159081,-2.5860359,200000,
95,Wedgewood Rooms,,,Portsmouth,50.7867161,-1.0786477,400,
96,Alleycat,,,Reading,51.4543772,-0.9762763,500,
97,Little John's Farm,,,Reading,51.4646042,-0.9945473,80000,
98,Sheffield City Hall,,,Sheffield,53.3805144,-1.4737052,2271,
99,Madame JoJo's,,Soho,London,51.5124356,-0.1364607,300,
100,Southampton Guildhall,ChIJ88p2H6GxdEgR2m8FppZ4h4,,Southampton,50.9080062,-1.4084635,1749,Southampton Guildhall / o2 Guildhall
101,Spitz,ChIJs6S7V80bdkgRA2m8FppZ4h4,Spitalfields,London,51.5285262,-0.2664029,150,St Moritz Club / Spitz
102,Molson Amphitheatre,ChIJ6yS7V80bdkgRbG7WHLkHHQo,,Toronto,43.6291955,-79.4176447,16000,Molson Amphitheatre / RBC Amphitheatre
103,The Forum,,,Tunbridge Wells,51.1271377,0.255717,250,
104,Warwick Student Union,,,Warwick,52.3788343,-1.5632177,1200,
105,Pippingford Park,,,Wych Cross,51.0572806,0.0543861,5000,
199,Hollywood Bowl,,,,34.052,-118.244,0,
106,Constellation Room,,,,33.7455731,-117.8678338,0,
107,Dolby Live at Park MGM,,,,36.1749705,-115.137223,0,
108,Lodge Room,,,,34.052,-118.244,0,
109,Sphere at The Venetian Resort,,,,36.1749705,-115.137223,0,
110,T-Mobile Arena,,,,36.1749705,-115.137223,0,
111,Teragram Ballroom,,,,34.052,-118.244,0,
112,Bakkt Theater,,,,36.1749705,-115.137223,0,
113,The Glass House,,,,34.0552886,-117.7522793,0,
114,The Roxy,,,,34.0900091,-118.3617443,0,
115,Dolby Theatre,,,,34.052,-118.244,0,
116,Harvelle's,,,,34.0194543,-118.4911912,0,
117,The Theatre at Ace Hotel,,,,34.052,-118.244,0,
118,Jimmy Kimmel Live,,,,34.052,-118.244,0,
119,Troubadour,,,,34.0900091,-118.3617443,0,
120,Redondo Beach Pier,,,,37.4402192,-122.4435871,0,
121,Seaside Lagoon,,,,37.4402192,-122.4435871,0,
122,Toshiba Plaza,,,,36.1749705,-115.137223,0,
123,Silverado Resort and Spa,,,,38.2971367,-122.2855293,0,
124,Dodger Stadium,,,,34.052,-118.244,0,
125,Globe Life Field,,,,32.735687,-97.1080656,0,
126,Younes and Soraya Nazarian Center For The Performing Arts,,,,34.228337,-118.5367525,0,
127,Whisky A Go Go,,,,34.0900091,-118.3617443,0,
128,House of Blues,,,,32.7153292,-117.1572551,0,
129,Hollywood Palladium,,,,34.052,-118.244,0,
130,Rose Bowl,,,,34.1477849,-118.1445155,0,
131,The Lounge,,,,37.775,-122.419,0,
132,Bottom of the Hill,,,,37.775,-122.419,0,
133,The Belasco,,,,34.0403336,-118.2619632,0,
134,The Hi-Hat,,,,34.1213354,-118.2080023,0,
135,The Chelsea,,,,36.1749705,-115.137223,0,
136,The Cosmopolitan of Las Vegas,,,,36.1749705,-115.137223,0,
137,Royce Hall,,,,34.052,-118.244,0,
138,Winston House,,,,33.9908445,-118.4600787,0,
139,Amoeba Music,,,,34.052,-118.244,0,
141,Manchester Apollo,,,Manchester,53.4809464283615,-2.23743438720703,0,O2 Apollo / Manchester Apollo
142,O2 Academy Glasgow,,,,55.8333333,-4.25,0,
143,O2 Academy Leeds,,,,53.8021884,-1.5471377,0,
144,Poppodium 013,,,,51.555514883268,5.09130477905273,0,
145,L'Olympia Bruno Coquatrix,,,,48.853,2.349,0,
146,Ancienne Belgique,,,,50.847,4.353,0,
147,E-Werk,,,,50.9333333,6.95,0,
148,Columbiahalle,,,,52.5166667,13.4,0,
149,Red Rocks Amphitheatre,,,,39.6535988,-105.1910996,0,
150,The Fonda Theatre,,,,34.052,-118.244,0,
151,Bootleg Theater,,,,34.052,-118.244,0,
152,Beacon Theatre,,,,40.7142691,-74.0059729,0,
153,El Rey Theatre,,,,34.052,-118.244,0,
154,The Late Late Show with James Corden,,,,34.052,-118.244,0,
155,Empire Polo Club,,,,33.7205771,-116.2155619,0,
156,Greek Theatre,,,,34.052,-118.244,0,
157,Irvine Meadows Amphitheatre,,,,33.6694649,-117.8231107,0,
158,Santa Barbara Bowl,,,,34.4208305,-119.6981901,0,
159,Shoreline Amphitheatre,,,,37.3860517,-122.0838511,0,
160,Rough Trade NYC,,,,40.65,-73.95,0,
161,Warsaw,,,,40.65,-73.95,0,
162,Red Bull Sound Space KROQ,,,,34.052,-118.244,0,
163,Warner Bros. Studios,,,,34.1808392,-118.3089661,0,
164,Oracle Arena,,,,37.8043722,-122.2708026,0,
165,Conan,,,,34.1808392,-118.3089661,0,
166,iHeartRadio Theater,,,,34.1808392,-118.3089661,0,
167,Wiltern Theatre,,,,34.052,-118.244,0,
168,Maine State Pier,,,,43.661471,-70.2553259,0,
169,The Viper Room,,,,34.0900091,-118.3617443,0,
170,The Del Monte Townhouse,,,,33.9908445,-118.4600787,0,
171,The Observatory,,,,33.7455731,-117.8678338,0,
172,Tabernacle,,,,33.7489954,-84.3879824,0,
173,Slim's,,,,37.775,-122.419,0,
174,Fingerprints Music,,,,33.7669623,-118.1892348,0,
175,Napa Valley Expo,,,,38.2971367,-122.2855293,0,
176,Carnival Fascination,,,,25.7742658,-80.1936589,0,
177,TRiP Nightclub,,,,34.0194543,-118.4911912,0,
178,Shrine Auditorium,,,,34.052,-118.244,0,
179,Boulevard Pool at The Cosmopolitan,,,,36.1749705,-115.137223,0,
180,Pacific Amphitheatre,,,,33.6411316,-117.9186689,0,
181,San Diego Convention Center,,,,32.7153292,-117.1572551,0,
182,Hard Rock Live,,,,28.5383355,-81.3792365,0,
183,Harrah's Rincon Casino,,,,33.2183701,-117.0341967,0,
184,Bill Graham Civic Auditorium,,,,37.775,-122.419,0,
185,Mandalay Bay Beach,,,,36.1749705,-115.137223,0,
186,Carnival Destiny,,,,25.7742658,-80.1936589,0,
187,Gibson Amphitheatre,,,,34.1388962,-118.3534115,0,
188,Doheny State Beach,,,,33.4669721,-117.6981075,0,
189,Fantasy Springs Resort Casino,,,,33.7205771,-116.2155619,0,
140,"The Sandbar, Red Rock Hotel and Casino",,,,36.1749705,-115.137223,0,
190,The Joint at Hard Rock Hotel,,,,36.1749705,-115.137223,0,
191,Mandalay Bay Events Center,,,,36.1749705,-115.137223,0,
192,The Colosseum,,,,36.1749705,-115.137223,0,
193,Knitting Factory,,,,34.052,-118.244,0,
194,Staples Center,,,,34.052,-118.244,0,
195,MGM Grand Garden Arena,,,,36.1749705,-115.137223,0,
196,Fleet Center,,,,42.3584308,-71.0597732,0,
197,Spanky's,,,,26.7153425,-80.0533746,0,
198,South Florida Fairgrounds,,,,26.7153425,-80.0533746,0,
199,Los Angeles Forum,,,Los Angeles,33.9582832,-118.3435104,18000,
203,Brisbane Showgrounds,33d31491,Queensland,Brisbane,-27.4679357321901,153.028092384338,0,
204,ENGIE Stadium,63d17e33,New South Wales,Sydney,-33.8678499639382,151.207323074341,0,
205,Flemington Racecourse,5bd62350,Victoria,Melbourne,-37.8139965641595,144.963322877884,0,
206,Autódromo Hermanos Rodríguez,3d62133,Distrito Federal,Mexico City,19.434,-99.139,0,
207,Ciudad Empresarial,3d79127,Región Metropolitana,Santiago,-33.426,-70.567,0,
208,Movistar Arena,33d3d86d,Autonomous City of Buenos Aires,Buenos Aires,-34.576,-58.409,0,
209,Parque do Ibirapuera,3bd638bc,São Paulo,São Paulo,-23.5475,-46.63611111,0,
210,Las Vegas Festival Grounds,4bd3cb5a,Nevada,Las Vegas,36.1749705,-115.137223,0,
211,Ocean City Inlet Beach,6bd1c25e,Maryland,Ocean City,38.3365033,-75.0849058,0,
212,Douglass Park,33d0e439,Illinois,Chicago,41.850033,-87.6500523,0,
213,MGM Music Hall at Fenway,6bd0725e,Massachusetts,Boston,42.3584308,-71.0597732,0,
214,"Fountain Stage, Seattle Center",3d1cd3f,Washington,Seattle,47.6062095,-122.3320708,0,
215,Harrah's Stir Cove,43d7af9b,Iowa,Council Bluffs,41.2619426,-95.8611232,0,
216,Harriet Island Regional Park,3d25193,Minnesota,St. Paul,44.944,-93.093,0,
217,Edmonton Exhibition Lands Racetrack Infield,13d03d19,Alberta,Edmonton,53.550135939,-113.468712219,0,
218,Iberdrola Music,73d176cd,Autonomous Region of Madrid,Madrid,40.4165020941502,-3.70256423950195,0,
219,Razzmatazz,4bd6376a,Catalonia,Barcelona,41.3887868890716,2.15898513793945,0,
220,Le Zénith,7bd63aa8,Île-de-France,Paris,48.853,2.349,0,
221,Main Stage,1bdfb524,Flemish Brabant,Werchter,50.967,4.7,0,
222,Trinity College Dublin,7bd20e5c,Dublin,Dublin,53.3330556,-6.2488889,0,
223,The Piece Hall,bd36956,England,Halifax,53.7166667,-1.85,0,
224,Ekebergsletta,73d392b1,Oslo,Oslo,59.912697157616,10.7413673400879,0,
225,Gärdet,53d42f49,Stockholm County,Stockholm,59.3325765361753,18.0649030208588,0,
226,Store Vega,73d61eb9,Capital Region,Copenhagen,55.6776812020993,12.5709342956543,0,
227,Megaland,7bd63e24,Limburg,Landgraaf,50.9070922400953,6.02715969085693,0,
228,Alsterdorfer Sporthalle,43d623e3,Hamburg,Hamburg,53.55,10.0,0,
229,Halle 622,4bd56f7a,Zürich,Zurich,47.3666667,8.55,0,
230,Visarno Arena Firenze,5bd5af60,Tuscany,Florence,43.7666667,11.25,0,
231,Apex Stage,3bdfb498,England,Castle Donington,52.8429056250398,-1.34187698364258,0,
232,Utopia Stage,73dfb601,Bavaria,Nuremberg,49.4477778,11.0683333,0,
233,Eskelunden,5bd01fa8,Central Jutland,Aarhus,56.1567365813134,10.2107620239258,0,
234,Mizner Park Amphitheater,4bd38f1e,Florida,Boca Raton,26.3586885,-80.0830984,0,
235,Utah State Fairpark,63d6da6b,Utah,Salt Lake City,40.7607794,-111.8910474,0,
236,Uptown,43d41717,North Carolina,Charlotte,35.2270869,-80.8431268,0,
237,Aichi-ken Geijutsu Gekijou,43d21f5f,Aichi,Nagoya,35.105,136.542,0,
238,Zepp Osaka Bayside,bd565f6,Osaka,Osaka,34.694,135.502,0,
239,Hall 7-8,5bd107f8,Chiba,Chiba,35.362,140.622,0,
240,Moon Palace Cancun Resort,13dee981,Quintana Roo,Cancún,21.1742875657158,-86.846559047699,0,
241,Chase Field,23d77c5b,Arizona,Phoenix,33.4483771,-112.0740373,0,
242,Acrisure Arena,33d1acd9,California,Thousand Palms,33.82002,-116.39029,0,
243,Intuit Dome,6bd176da,California,Inglewood,33.9616801,-118.3531311,0,
244,Chase Center,4bd3f3f2,California,San Francisco,37.775,-122.419,0,
245,Golden 1 Center,53d5c7d5,California,Sacramento,38.5815719,-121.4943996,0,
246,Moda Center,5bd4f7c4,Oregon,Portland,45.5234515,-122.6762071,0,
247,Rogers Arena,33d65801,British Columbia,Vancouver,49.249657393,-123.119340403,0,
248,Climate Pledge Arena,63d0ea07,Washington,Seattle,47.6062095,-122.3320708,0,
249,Blue Arena,53d13f91,Colorado,Loveland,40.3977612,-105.0749801,0,
250,American Airlines Center,43d61fa3,Texas,Dallas,32.7830556,-96.8066667,0,
251,Toyota Center,4bd61fc6,Texas,Houston,29.7632836,-95.3632715,0,
252,Moody Center,3bd02c30,Texas,Austin,30.267153,-97.7430608,0,
253,Kia Center,13d119ad,Florida,Orlando,28.5383355,-81.3792365,0,
254,Bon Secours Wellness Arena,63d4fe73,South Carolina,Greenville,34.8526176,-82.3940105,0,
255,Bridgestone Arena,23d6746f,Tennessee,Nashville,36.1658899,-86.7844432,0,
256,The Anthem,7bd29e24,"Washington, D.C.",Washington,38.895,-77.036,0,
257,Wells Fargo Center,3bd65058,Pennsylvania,Philadelphia,39.952335,-75.163789,0,
258,Madison Square Garden,23d63cc7,New York,New York,40.7142691,-74.0059729,0,
259,TD Garden,3bd61414,Massachusetts,Boston,42.3584308,-71.0597732,0,
260,Scotiabank Arena,2bd230ca,Ontario,Toronto,43.700113788,-79.416304194,0,
261,Nationwide Arena,1bd63994,Ohio,Columbus,39.9611755,-82.9987942,0,
262,Allstate Arena,73d6ca11,Illinois,Rosemont,41.9953077,-87.8845092,0,
263,Xcel Energy Center,53d637ad,Minnesota,St. Paul,44.944,-93.093,0,
264,Budweiser Stage,23d57453,Ontario,Toronto,43.700113788,-79.416304194,0,
265,Cardiff Castle,63d60a53,Wales,Cardiff,51.48,-3.18,0,
266,Co-op Live,63d1762b,England,Manchester,53.4809464283615,-2.23743438720703,0,
267,The OVO Hydro,63d0eacb,Scotland,Glasgow,55.8333333,-4.25,0,
268,3Arena,23d4082f,Dublin,Dublin,53.3330556,-6.2488889,0,
269,Utilita Arena Birmingham,13d36109,England,Birmingham,52.4666667,-1.9166667,0,
270,Naval Base San Diego,6bd29a26,California,San Diego,32.7153292,-117.1572551,0,
271,Spotify Studios,3d14903,California,Los Angeles,34.052,-118.244,0,
272,Embarcadero Marina Park North,73d53a3d,California,San Diego,32.7153292,-117.1572551,0,
273,John Mulaney Presents: Everybody's in L.A.,3d16133,California,Los Angeles,34.052,-118.244,0,
274,Central Park,3bd5bc18,Georgia,Atlanta,33.7489954,-84.3879824,0,
275,The Kelly Clarkson Show,13d0f985,New York,New York,40.7142691,-74.0059729,0,
276,Zouk,2bd0e82e,Nevada,Las Vegas,36.1749705,-115.137223,0,
277,Choctaw Grand Theater,23d5a867,Oklahoma,Durant,33.9939861,-96.370824,0,
278,The Star Theatre,6bd74a32,Central Singapore,Singapore,1.293,103.856,0,
279,Brisbane Entertainment Centre,5bd61fe4,Queensland,Brisbane,-27.4679357321901,153.028092384338,0,
280,Accor Stadium,1bd04570,New South Wales,Sydney,-33.8678499639382,151.207323074341,0,
281,John Cain Arena,1bd03d94,Victoria,Melbourne,-37.8139965641595,144.963322877884,0,
282,Highland Festival Grounds at the Kentucky Expo Center,5bd3eb68,Kentucky,Louisville,38.2542376,-85.759407,0,
283,Delta Center,4bd637be,Utah,Salt Lake City,40.7607794,-111.8910474,0,
284,Asbury Park Oceanfront,13d5b955,New Jersey,Asbury Park,40.2203907,-74.0120817,0,
285,Gallagher Square,5bd023b0,California,San Diego,32.7153292,-117.1572551,0,
286,FivePoint Amphitheatre,3bd29ca0,California,Irvine,33.6694649,-117.8231107,0,
287,Arizona Financial Theatre,3bd07410,Arizona,Phoenix,33.4483771,-112.0740373,0,
288,Fiddler's Green Amphitheatre,43d66bbf,Colorado,Greenwood Village,39.6172101,-104.9508141,0,
289,Saltair,2bd61c8e,Utah,Magna,40.7091121,-112.1016088,0,
290,Hillcrest Country Club,23d20c1f,Idaho,Boise,43.6135002,-116.2034505,0,
291,William Randolph Hearst Greek Theatre,53d3a395,California,Berkeley,37.8715926,-122.272747,0,
292,Hayden Homes Amphitheater,3bd0dc20,Oregon,Bend,44.0581728,-121.3153096,0,
293,White River Amphitheatre,63d66acf,Washington,Auburn,47.3073228,-122.2284532,0,
294,Ambleside Park,3bd04440,British Columbia,West Vancouver,49.36672,-123.16652,0,
295,Zepp DiverCity (TOKYO),7bd362e4,Tokyo,Tokyo,35.69,139.692,0,
296,WHITE STAGE,33dfb421,Niigata,Yuzawa,36.9333333,138.8166667,0,
297,Forest Hills Stadium,1bd26dfc,New York,Queens,40.7498243,-73.7976337,0,
298,Stage AE,5bd7afb0,Pennsylvania,Pittsburgh,40.4406248,-79.9958864,0,
299,LeBreton Flats Park,53d2dfe5,Ontario,Ottawa,45.4209405046496,-75.6902861595154,0,
300,Plaines d'Abraham,63d5662b,Quebec,Quebec City,46.812,-71.215,0,
301,Constellation Brands – Marvin Sands Performing Arts Center,63d4320f,New York,Canandaigua,42.8742314,-77.2880382,0,
302,The Palladium Outdoors,33d1e80d,Massachusetts,Worcester,42.2625932,-71.8022934,0,
303,Maine Savings Amphitheater,23d00ceb,Maine,Bangor,44.8011821,-68.7778138,0,
304,Hartford HealthCare Amphitheater,2bd08482,Connecticut,Bridgeport,41.1670412,-73.2048348,0,
305,TD Pavilion at the Mann,33d3f881,Pennsylvania,Philadelphia,39.952335,-75.163789,0,
306,Ameris Bank Amphitheatre,23d3a813,Georgia,Alpharetta,34.0753762,-84.2940899,0,
307,PNC Music Pavilion,43d4e71b,North Carolina,Charlotte,35.2270869,-80.8431268,0,
308,Merriweather Post Pavilion,53d61ff5,Maryland,Columbia,39.2403841,-76.8394184,0,
309,Pine Knob Music Theatre,3d6c953,Michigan,Clarkston,42.7086411,-83.4396633,0,
310,Garfield Park,3d70513,Indiana,Indianapolis,39.7683765,-86.1580423,0,
311,Blossom Music Center,5bd627e0,Ohio,Cuyahoga Falls,41.1339449,-81.4845585,0,
312,Breese Stevens Field,bd58536,Wisconsin,Madison,43.0730517,-89.4012302,0,
313,Minneapolis Armory,23d77cb3,Minnesota,Minneapolis,44.9799654,-93.2638361,0,
314,Azura Amphitheater,7bd09a00,Kansas,Bonner Springs,39.059726,-94.8835754,0,
315,The Zoo Amphitheatre,7bd06a5c,Oklahoma,Oklahoma City,35.4675602,-97.5164276,0,
316,Germania Insurance Amphitheater,5bd08380,Texas,Austin,30.267153,-97.7430608,0,
317,The Pavilion at Toyota Music Factory,23d3fceb,Texas,Irving,32.8140177,-96.9488945,0,
318,The Orion Amphitheater,7bd02610,Alabama,Huntsville,34.7303688,-86.5861037,0,
319,The Red Mile,2bd24cfa,Kentucky,Lexington,37.9886892,-84.4777153,0,
320,Paramount Studios,1bd6450c,California,Los Angeles,34.052,-118.244,0,
321,Walt Disney World Swan and Dolphin,3de5967,Florida,Lake Buena Vista,28.3936186,-81.5386842,0,
322,Raymond James Stadium Grounds,5bd03b94,Florida,Tampa,27.9475216,-82.4584279,0,
323,Pasadena Civic Auditorium,2bd6d002,California,Pasadena,34.1477849,-118.1445155,0,
324,Home Plate Stage,63dfb613,Arizona,Tempe,33.414768,-111.9093095,0,
325,Gilley's Dallas,73d7ea31,Texas,Dallas,32.7830556,-96.8066667,0,
326,Peninsula Nusa Dua,2bd044b6,Bali,Nusa Dua,-8.80047,115.23341,0,
327,Allianz Ecopark,5bde1304,Jakarta,Kota Administrasi Jakarta Utara,-6.1339,106.8823,0,
328,Allegiant Stadium,6bd08e7e,Nevada,Las Vegas,36.1749705,-115.137223,0,
329,The Woodlands of Dover International Speedway,4bd70f96,Delaware,Dover,39.158168,-75.5243682,0,
330,Golden Gate Park,3d6cdeb,California,San Francisco,37.775,-122.419,0,
331,Paris La Défense Arena,1bd265e0,Île-de-France,Nanterre,48.9,2.2,0,
332,Bellahouston Park,73d6d271,Scotland,Glasgow,55.8333333,-4.25,0,
333,Marlay Park,2bd63892,Dublin,Dublin,53.3330556,-6.2488889,0,
334,The John Smith's Stadium,33d354d1,England,Huddersfield,53.65,-1.7833333,0,
335,Stadspark,73d4a659,Groningen,Groningen,53.219167,6.566667,0,
336,Sportpaleis,13d2c599,Antwerp,Merksem,51.25,4.45,0,
337,Ernst Happel Stadion,6bd63eb2,Vienna,Vienna,48.2084877601653,16.3720750808716,0,
338,Festivalpark,1bd711e0,Královéhradecký Kraj,Hradec Králové,50.2092284127622,15.8327684657118,0,
339,Ippodromo Snai La Maura,5bd023c0,Lombardy,Milan,45.4642693810258,9.1895055770874,0,
340,Tele2 Arena,3bd49cf8,Stockholm County,Stockholm,59.3325765361753,18.0649030208588,0,
341,Color Line Stadion,33d77ce5,Møre og Romsdal,Ålesund,62.4708311316135,6.15212917327881,0,
342,Zeppelinfeld,43d63737,Bavaria,Nuremberg,49.4477778,11.0683333,0,
343,Parkbühne Wuhlheide,53d6cb29,Berlin,Berlin,52.5166667,13.4,0,
344,Harvard Athletic Complex,7bd54e38,Massachusetts,Boston,42.3584308,-71.0597732,0,
345,Gaylord Palms Resort & Convention Center,bd389ca,Florida,Kissimmee,28.3046829579976,-81.4166736602783,0,
346,Venetian Hotel & Casino,6bd652ca,Nevada,Las Vegas,36.1749705,-115.137223,0,
347,Byline Bank Aragon Ballroom,4bd01f36,Illinois,Chicago,41.850033,-87.6500523,0,
348,Fairgrounds in Liberty Park,2bd02866,Tennessee,Memphis,35.1495343,-90.0489801,0,
349,Draft Theater,23d028fb,Nevada,Las Vegas,36.1749705,-115.137223,0,
350,Mesa Amphitheatre,3bd6c4dc,Arizona,Mesa,33.4222685,-111.8226402,0,
351,Fort Lauderdale Beach Park,43d663ab,Florida,Fort Lauderdale,26.1223084,-80.1433786,0,
352,MidFlorida Credit Union Amphitheatre,33d4a0f9,Florida,Tampa,27.9475216,-82.4584279,0,
353,T-Mobile Park,5bd3df5c,Washington,Seattle,47.6062095,-122.3320708,0,
354,American Family Insurance Amphitheater,23d54067,Wisconsin,Milwaukee,43.0389025,-87.9064736,0,
355,Petco Park,bd63986,California,San Diego,32.7153292,-117.1572551,0,
356,Oracle Park,7bd3aa04,California,San Francisco,37.775,-122.419,0,
357,Dick's Sporting Goods Park,63d65287,Colorado,Commerce City,39.8083196,-104.9338675,0,
358,Target Field,33d710bd,Minnesota,Minneapolis,44.9799654,-93.2638361,0,
359,Citizens Bank Park,1bd6d524,Pennsylvania,Philadelphia,39.952335,-75.163789,0,
360,PNC Park,1bd639d8,Pennsylvania,Pittsburgh,40.4406248,-79.9958864,0,
361,Historic Crew Stadium,33d0fced,Ohio,Columbus,39.9611755,-82.9987942,0,
362,Wrigley Field,53d6cf29,Illinois,Chicago,41.850033,-87.6500523,0,
363,Hersheypark Stadium,43d61fd7,Pennsylvania,Hershey,40.2859239,-76.6502468,0,
364,Comerica Park,bd639de,Michigan,Detroit,42.331427,-83.0457538,0,
365,Nationals Park,33d654f5,"Washington, D.C.",Washington,38.895,-77.036,0,
366,Premier Theater at Foxwoods,2bd08096,Connecticut,Mashantucket,41.4703,-71.9515,0,
367,Fenway Park,3d639d3,Massachusetts,Boston,42.3584308,-71.0597732,0,
368,Citi Field,63d1eed3,New York,Queens,40.7498243,-73.7976337,0,
369,Hard Rock Stadium,4bd57bba,Florida,Miami Gardens,25.9420377,-80.2456045,0,
370,TIAA Bank Field,73d21635,Florida,Jacksonville,30.3321838,-81.655651,0,
371,Minute Maid Park,5bd623d8,Texas,Houston,29.7632836,-95.3632715,0,
372,Truist Park,43d087bf,Georgia,Atlanta,33.7489954,-84.3879824,0,
373,Good Morning America,5bd73b68,New York,New York,40.7142691,-74.0059729,0,
374,Late Night with Seth Meyers,6bd5bee2,New York,New York,40.7142691,-74.0059729,0,
375,The Tonight Show Starring Jimmy Fallon,13d4dd51,New York,New York,40.7142691,-74.0059729,0,
376,Walt Disney Concert Hall,2bd618ce,California,Los Angeles,34.052,-118.244,0,
377,32nd Annual Supercomputing Celebration,6bd34ee2,California,San Diego,32.7153292,-117.1572551,0,
378,Private Venue,33d30865,California,Los Angeles,34.052,-118.244,0,
379,Tempe Beach Park,1bd63d8c,Arizona,Tempe,33.414768,-111.9093095,0,
380,Brenton Skating Plaza,13d5a5dd,Iowa,Des Moines,41.6005448,-93.6091064,0,
381,UAB Campus Green,43d3dfaf,Alabama,Birmingham,33.5206608,-86.80249,0,
382,Grand Hyatt Kauai Resort & Spa,2bd1b822,Hawaii,Koloa,21.9069,-159.46994,0,
383,Estadio Nacional de Costa Rica,63d6da0b,San José,San José,9.9333333,-84.0833333,0,
384,Estadio El Campín,63d636ff,Bogota D.C.,Bogota,4.6,-74.083,0,
385,Parque Olímpico,7bd50ad4,Rio de Janeiro,Rio de Janeiro,-22.903,-43.208,0,
386,Ginásio do Ibirapuera,5bd64b54,São Paulo,São Paulo,-23.5475,-46.63611111,0,
387,Jockey Club del Perú,7bd612d8,Lima,Lima,-12.0833333,-77.0833333,0,
388,ACL Live at The Moody Theater,73d2e689,Texas,Austin,30.267153,-97.7430608,0,
389,Washington State Fair Events Center,13d3f1d1,Washington,Puyallup,47.1853785,-122.2928974,0,
390,Town Park,1bd2c590,Colorado,Snowmass Village,39.2130418,-106.9378207,0,
391,Mission Ballroom,3d3fd5f,Colorado,Denver,39.7391536,-104.9847034,0,
392,Grand America Hotel,1bd3f160,Utah,Salt Lake City,40.7607794,-111.8910474,0,
393,Boston Convention and Exhibition Center,53d79bdd,Massachusetts,Boston,42.3584308,-71.0597732,0,
394,Maishima,53d653c5,Osaka,Osaka,34.694,135.502,0,
395,ZOZO Marine Stadium,43d2ab67,Chiba,Chiba,35.362,140.622,0,
396,Toyosu PIT,3d46513,Tokyo,Tokyo,35.69,139.692,0,
397,Songdo Moonlight Festival Park,33d52495,Incheon,Incheon,37.4536111,126.7316667,0,
398,Wind Creek Steel Stage at PNC Plaza,5bd383d8,Pennsylvania,Bethlehem,40.8617302,-78.7303073,0,
399,Parc Champigny,3bd704a4,Quebec,Lévis,46.8032615036038,-71.1779308319092,0,
400,North Dakota State  Fair Grandstand,33d4a421,North Dakota,Minot,48.2325095,-101.2962732,0,
401,Malakoff,13d79d25,Sogn og Fjordane,Nordfjordeid,61.9067135446815,5.99184036254883,0,
402,Telegrafbukta,53d79391,Troms,Tromsø,69.6536247817996,18.9606857299805,0,
403,"Stora Scenen, Gröna Lund",7bd5c244,Stockholm County,Stockholm,59.3325765361753,18.0649030208588,0,
404,Kobetamendi,73d61e6d,Basque Country,Bilbao,43.2627062282001,-2.9252815246582,0,
405,Passeio Marítimo de Algés,3bd62c48,Lisbon,Oeiras,38.6833333,-9.3166667,0,
406,X-TRA,13d37525,Zürich,Zurich,47.3666667,8.55,0,
407,Arena Joe Strummer,1bd4318c,Emilia-Romagna,Bologna,44.4938114812334,11.3387489318848,0,
408,Presqu'île de Malsaucy,6bd63256,Bourgogne-Franche-Comté,Belfort,47.633,6.867,0,
409,Stade de France,3bd6c4d8,Île-de-France,Saint-Denis,48.933,2.367,0,
410,Stadtpark Freilichtbühne,73d61e51,Hamburg,Hamburg,53.55,10.0,0,
411,Ronda,2bd5fc86,Utrecht,Utrecht,52.090833,5.122222,0,
412,O2 Academy Brixton,2bd6c8ea,England,London,51.5084152563931,-0.125532746315002,0,
413,Discovery Meadow,23d63c7b,California,San Jose,37.3393857,-121.8949555,0,
414,Ross's Landing,73d5ee09,Tennessee,Chattanooga,35.0456297,-85.3096801,0,
415,American Idol,3d60df3,California,Los Angeles,34.052,-118.244,0,
416,Ford Idaho Center Arena,2bd2c052,Idaho,Nampa,43.5407172,-116.5634624,0,
417,Alliant Energy Center,73d62691,Wisconsin,Madison,43.0730517,-89.4012302,0,
418,Wells Fargo Arena,5bd62f54,Iowa,Des Moines,41.6005448,-93.6091064,0,
419,BOK Center,4bd62312,Oklahoma,Tulsa,36.1539816,-95.992775,0,
420,Sprint Center,5bd61fa0,Missouri,Kansas City,39.0997266,-94.5785667,0,
421,Enterprise Center,4bd2c342,Missouri,St. Louis,38.6272733,-90.1978889,0,
422,FedExForum,3d639ef,Tennessee,Memphis,35.1495343,-90.0489801,0,
423,Van Andel Arena,2bd6d012,Michigan,Grand Rapids,42.9633599,-85.6680863,0,
424,Value City Arena,23d3d043,Ohio,Columbus,39.9611755,-82.9987942,0,
425,Royal Farms Arena,bd46d52,Maryland,Baltimore,39.2903848,-76.6121893,0,
426,Times Union Center,4bd6cb36,New York,Albany,42.6525793,-73.7562317,0,
427,Centre Bell,6bd6d222,Quebec,Montreal,45.5088375,-73.587809,0,
428,Colonial Life Arena,4bd607a2,South Carolina,Columbia,34.0007104,-81.0348144,0,
429,KFC Yum! Center,13d7b9c5,Kentucky,Louisville,38.2542376,-85.759407,0,
430,Tiny Desk Concerts,23d104f7,"Washington, D.C.",Washington,38.895,-77.036,0,
431,Black Cat,1bd635f4,"Washington, D.C.",Washington,38.895,-77.036,0,
432,Hyatt Regency,5bd237c0,California,San Diego,32.7153292,-117.1572551,0,
433,Masonic Auditorium,5bd397ec,California,San Francisco,37.775,-122.419,0,
434,Notre Dame Stadium,3bd19cc8,Indiana,Notre Dame,41.70019,-86.23793,0,
435,Times Square,2bd24c86,New York,New York,40.7142691,-74.0059729,0,
436,Metropolitan Opera House,43d467df,Pennsylvania,Philadelphia,39.952335,-75.163789,0,
437,2 Poniente #301,53d2a7d5,Puebla,San Andrés Cholula,19.05,-98.3,0,
438,Daily's Place Amphitheater,6bd54eba,Florida,Jacksonville,30.3321838,-81.655651,0,
439,Orlando Amphitheater,3bd50094,Florida,Orlando,28.5383355,-81.3792365,0,
440,DNA Lounge,3bd62458,California,San Francisco,37.775,-122.419,0,
441,Douglas Park,1bd7ed00,Illinois,Chicago,41.850033,-87.6500523,0,
442,Aksarben Village,2bd598de,Nebraska,Omaha,41.2586096,-95.937792,0,
443,Eagles Ballroom,4bd62b16,Wisconsin,Milwaukee,43.0389025,-87.9064736,0,
444,Ak-Chin Pavilion,7bd49e84,Arizona,Phoenix,33.4483771,-112.0740373,0,
445,Mattress Firm Amphitheatre,53d54f79,California,Chula Vista,32.6400541,-117.0841955,0,
446,USANA Amphitheatre,53d62719,Utah,West Valley City,40.692,-112.001,0,
447,Walmart AMP,bd42d6e,Arkansas,Rogers,36.3320197,-94.1185366,0,
448,Ascend Amphitheater,6bd5a28e,Tennessee,Nashville,36.1658899,-86.7844432,0,
449,Cellairis Amphitheatre at Lakewood,7bd23ef4,Georgia,Atlanta,33.7489954,-84.3879824,0,
450,Coastal Credit Union Music Park at Walnut Creek,4bd243e2,North Carolina,Raleigh,35.772096,-78.6386145,0,
451,Jiffy Lube Live,3d66993,Virginia,Bristow,38.7228946,-77.5361005,0,
452,BB&T Pavilion,63d5f21b,New Jersey,Camden,39.9259463,-75.1196199,0,
453,PNC Bank Arts Center,4bd61fe6,New Jersey,Holmdel,40.3451095,-74.1840322,0,
454,Northwell Health at Jones Beach Theater,23d540c7,New York,Wantagh,40.6837121,-73.5101258,0,
455,Xfinity Center,4bd4e71a,Massachusetts,Mansfield,42.0334326,-71.2189405,0,
456,St. Joseph's Health Amphitheater at Lakeview,43d23f0f,New York,Syracuse,43.0481221,-76.1474244,0,
457,DTE Energy Music Theatre,bd6359a,Michigan,Clarkston,42.7086411,-83.4396633,0,
458,KeyBank Pavilion,1bd50948,Pennsylvania,Burgettstown,40.3820133,-80.3928423,0,
459,Ruoff Home Mortgage Music Center,bd2c106,Indiana,Noblesville,40.0455918,-86.0085955,0,
460,Hollywood Casino Amphitheatre,bd5a1aa,Illinois,Tinley Park,41.5733669,-87.7844944,0,
461,Riverbend Music Center,2bd4a04a,Ohio,Cincinnati,39.1620036,-84.4568863,0,
462,Austin360 Amphitheater,3d47943,Texas,Austin,30.267153,-97.7430608,0,
463,Cynthia Woods Mitchell Pavilion,3bd63cf4,Texas,The Woodlands,30.1579935,-95.4893845,0,
464,Dos Equis Pavilion,73d2c6e5,Texas,Dallas,32.7830556,-96.8066667,0,
465,Bold Sphere Music at Champions Square,33d59849,Louisiana,New Orleans,29.955,-90.075,0,
466,Coral Sky Amphitheatre,33d45449,Florida,West Palm Beach,26.7153425,-80.0533746,0,
467,Marina de Montebello,3d715d3,Quebec,Montebello,45.650095161,-74.932582443,0,
468,The Armory,23d59c7f,California,San Francisco,37.775,-122.419,0,
469,Los Angeles Firehouse Museum,73d5d255,California,Los Angeles,34.052,-118.244,0,
470,Mount Smart Stadium,43d6c743,Auckland,Auckland,-36.8666667,174.7666667,0,
471,Etihad Stadium,bd60526,Victoria,Melbourne,-37.8139965641595,144.963322877884,0,
472,ANZ Stadium,bd679ee,New South Wales,Sydney,-33.8678499639382,151.207323074341,0,
473,Suncorp Stadium,63d67e4f,Queensland,Brisbane,-27.4679357321901,153.028092384338,0,
474,Coopers Stadium,43d47783,South Australia,Adelaide,-34.9333333,138.6,0,
475,nib Stadium,4bd7df8a,Western Australia,Perth,-31.9333333,115.8333333,0,
476,Crystal Ballroom,73d63659,Oregon,Portland,45.5234515,-122.6762071,0,
477,The Block,6bd33e96,Pennsylvania,Chester,39.849557,-75.3557458,0,
478,Late Show With Stephen Colbert,63d592a3,New York,New York,40.7142691,-74.0059729,0,
479,BBC Radio 4 Studios,4bd43fce,England,London,51.5084152563931,-0.125532746315002,0,
480,"The SSE Arena, Wembley",33d40055,England,London,51.5084152563931,-0.125532746315002,0,
481,Maida Vale Studios,6bd6ca86,England,London,51.5084152563931,-0.125532746315002,0,
482,Grand Sierra Theatre,23d6d8af,Nevada,Reno,39.5296329,-119.8138027,0,
483,Piedmont Park,53d627f5,Georgia,Atlanta,33.7489954,-84.3879824,0,
484,Del Mar Fairgrounds,2bd6ccba,California,Del Mar,32.9594891,-117.2653146,0,
485,Forest Park,3bd64444,Missouri,St. Louis,38.6272733,-90.1978889,0,
486,Providence Medical Center Amphitheater,bd5c952,Kansas,Bonner Springs,39.059726,-94.8835754,0,
487,Edelweiss Cruises,7bd2aaa4,Wisconsin,Milwaukee,43.0389025,-87.9064736,0,
488,Memorial Stadium,bd6c962,Washington,Seattle,47.6062095,-122.3320708,0,
489,Parque Fundidora,3d63913,Nuevo León,Monterrey,25.671,-100.308,0,
490,Burl’s Creek Event Grounds,2bd5a0ae,Ontario,Oro-Medonte,44.578206966,-79.604037673,0,
491,Cool River Ranch,73d2ba55,Texas,Martindale,29.8455,-97.84084,0,
492,Waterfront Park,4bd6c74e,Kentucky,Louisville,38.2542376,-85.759407,0,
493,Soaring Eagle Casino & Resort Outdoor Stage,73d10aa1,Michigan,Mount Pleasant,42.4572514,-86.2472534,0,
494,Treasure Island Resort & Casino,5bd70f50,Minnesota,Welch,44.5683003,-92.7385321,0,
495,AT&T Park,23d658d7,California,San Francisco,37.775,-122.419,0,
496,The Hangout,3d7e9e3,Alabama,Gulf Shores,30.2460361,-87.7008193,0,
497,The Mirage,3d4a163,Nevada,Las Vegas,36.1749705,-115.137223,0,
498,Classic Amphitheater,33d63cdd,Virginia,Richmond,37.5537575,-77.4602617,0,
499,Charlotte Metro Credit Union Amphitheatre,4bd537f6,North Carolina,Charlotte,35.2270869,-80.8431268,0,
500,Waterside District,7bd55610,Virginia,Norfolk,36.8468146,-76.2852183,0,
501,St. Augustine Amphitheatre,63d61ac7,Florida,St. Augustine,29.894691,-81.314517,0,
502,West Palm Beach Waterfront,bd725a6,Florida,West Palm Beach,26.7153425,-80.0533746,0,
503,Showbox,53d4c7cd,Washington,Seattle,47.6062095,-122.3320708,0,
504,South Okanagan Events Centre,33d7dc05,British Columbia,Penticton,49.499764607,-119.585692197,0,
505,Encana Events Centre,4bd0c7be,British Columbia,Dawson Creek,55.76660266,-120.236159915,0,
506,Grey Eagle Resort & Casino,23d44c13,Alberta,Calgary,51.050112282,-114.085285152,0,
507,Shaw Conference Centre,63d63e9b,Alberta,Edmonton,53.550135939,-113.468712219,0,
508,MTS Centre,73d6ce79,Manitoba,Winnipeg,49.884398624,-97.147044715,0,
509,SaskTel Centre,23d47c33,Saskatchewan,Saskatoon,52.116786331,-106.634521548,0,
510,Stubb's Bar-B-Q,7bd6c2f0,Texas,Austin,30.267153,-97.7430608,0,
511,Brazos Hall,23d4bc47,Texas,Austin,30.267153,-97.7430608,0,
512,Pearl Concert Theater,63d61e63,Nevada,Las Vegas,36.1749705,-115.137223,0,
513,Revention Music Center,63d5860b,Texas,Houston,29.7632836,-95.3632715,0,
514,Verizon Theatre at Grand Prairie,4bd44376,Texas,Grand Prairie,32.7459645,-96.9977846,0,
515,Brady Theater,63d62a0b,Oklahoma,Tulsa,36.1539816,-95.992775,0,
516,Sands Bethlehem Event Center,33d720c5,Pennsylvania,Bethlehem,40.8617302,-78.7303073,0,
517,Brighton Music Hall,43d0a383,Massachusetts,Boston,42.3584308,-71.0597732,0,
518,Aragon Ballroom,13d6398d,Illinois,Chicago,41.850033,-87.6500523,0,
519,Pima County Fairgrounds,1bd62160,Arizona,Tucson,32.2217429,-110.926479,0,
520,Bonney Field,4bd29bda,California,Sacramento,38.5815719,-121.4943996,0,
521,Clive Davis Theater at the Grammy Museum,3bd7b0e4,California,Los Angeles,34.052,-118.244,0,
522,Minnesota State Fair Grandstand,2bd520be,Minnesota,Falcon Heights,44.9916323,-93.166333,0,
523,Bluestem Amphitheater,73d25605,Minnesota,Moorhead,46.8738524,-96.7675807,0,
524,Maishima Baseball Stadium,63d106eb,Osaka,Osaka,34.694,135.502,0,
525,QVC Marine Field,3d701a3,Chiba,Chiba,35.362,140.622,0,
526,STUDIO COAST,3bd2d0e8,Tokyo,Tokyo,35.69,139.692,0,
527,Suntec Singapore Convention & Exhibition Centre,2bd37cfe,Central Singapore,Singapore,1.293,103.856,0,
528,Sleep Train Amphitheatre,33d4a08d,California,Chula Vista,32.6400541,-117.0841955,0,
529,McMenamins Historic Edgefield Manor,73d6d699,Oregon,Troutdale,45.5392862,-122.3873133,0,
530,Marymoor Park,13d6c5e9,Washington,Redmond,47.6739882,-122.121512,0,
531,Deer Lake Park,7bd6de80,British Columbia,Burnaby,49.266362781,-122.952632032,0,
532,Badlands Motor Speedway,43d53353,South Dakota,Brandon,43.5946963,-96.5719896,0,
533,Starlight Theater,13d6c92d,Missouri,Kansas City,39.0997266,-94.5785667,0,
534,Gexa Energy Pavilion,63d78e3b,Texas,Dallas,32.7830556,-96.8066667,0,
535,Klipsch Music Center,43d73f3b,Indiana,Noblesville,40.0455918,-86.0085955,0,
536,Marcus Amphitheater,63d63eaf,Wisconsin,Milwaukee,43.0389025,-87.9064736,0,
537,Radio 104.5 Performance Theatre,5bd7e7ac,Pennsylvania,Philadelphia,39.952335,-75.163789,0,
538,Nikon at Jones Beach Theater,3bd6d810,New York,Wantagh,40.6837121,-73.5101258,0,
539,Bank of New Hampshire Pavilion at Meadowbrook,3bd4b0fc,New Hampshire,Gilford,43.5475771,-71.4067385,0,
540,The Pavilion at Montage Mountain,1bd4c934,Pennsylvania,Scranton,41.408969,-75.6624122,0,
541,Veterans United Home Loans Amphitheater at Virginia Beach,3d24567,Virginia,Virginia Beach,36.8529263,-75.977985,0,
542,Volvo Car Stadium,bd5c19a,South Carolina,Charleston,32.7765656,-79.9309216,0,
543,Bayfront Park Amphitheater,53d60f09,Florida,Miami,25.7742658,-80.1936589,0,
544,Concrete Street Amphitheater,1bd6250c,Texas,Corpus Christi,27.8005828,-97.396381,0,
545,Tom Lee Park,13d675e5,Tennessee,Memphis,35.1495343,-90.0489801,0,
546,Heineken Music Hall,6bd60ef6,North Holland,Amsterdam,52.373,4.9,0,
547,Manchester Academy 1,43d2970f,England,Manchester,53.4809464283615,-2.23743438720703,0,
548,Spotify Offices,3bd4b4bc,New York,New York,40.7142691,-74.0059729,0,
549,The Linq,63d4ceaf,Nevada,Las Vegas,36.1749705,-115.137223,0,
550,Pier 48,4bd72796,California,San Francisco,37.775,-122.419,0,
551,Peabody Opera House,6bd7e266,Missouri,St. Louis,38.6272733,-90.1978889,0,
552,Reunion Park,73d4cead,Texas,Dallas,32.7830556,-96.8066667,0,
553,Downtown Las Vegas Fremont Street,6bd4b266,Nevada,Las Vegas,36.1749705,-115.137223,0,
554,The Park at Harlinsdale Farm,73d24e1d,Tennessee,Franklin,35.9250637,-86.86889,0,
555,Downsview Park,43d63727,Ontario,Toronto,43.700113788,-79.416304194,0,
556,Freedom Hill Amphitheatre,3d6c5c7,Michigan,Sterling Heights,42.5803122,-83.0302033,0,
557,Del Mar Racetrack,bd61962,California,Del Mar,32.9594891,-117.2653146,0,
558,Seaside Park,13d72db1,Connecticut,Bridgeport,41.1670412,-73.2048348,0,
559,Parc Jean-Drapeau,53d62765,Quebec,Montreal,45.5088375,-73.587809,0,
560,Lifestyle Communities Pavilion,63d5e63b,Ohio,Columbus,39.9611755,-82.9987942,0,
561,The Shoe,43d413c3,Ohio,Cincinnati,39.1620036,-84.4568863,0,
562,Quicken Loans Arena,43d63b27,Ohio,Cleveland,41.4994954,-81.6954088,0,
563,Zidell Yards,3bd400e0,Oregon,Portland,45.5234515,-122.6762071,0,
564,Festival Site,bd0551a,British Columbia,Pemberton,50.316405697,-122.802732833,0,
565,Western Gateway Park,3d7a993,Iowa,Des Moines,41.6005448,-93.6091064,0,
566,The Basilica of Saint Mary,3bd25088,Minnesota,Minneapolis,44.9799654,-93.2638361,0,
567,Petrillo Music Shell,63d64adf,Illinois,Chicago,41.850033,-87.6500523,0,
568,Santa Fe St,63d7fe3f,Texas,El Paso,31.7587198,-106.4869314,0,
569,Country Jam Ranch,7bd1be54,Colorado,Loma,39.19581,-108.81316,0,
570,Spencer Smith Park,bd6618e,Ontario,Burlington,43.386208342,-79.83713012,0,
571,NRG Park,43d5b71f,Texas,Houston,29.7632836,-95.3632715,0,
572,Global Event Center at WinStar World Resort,23d49c1b,Oklahoma,Thackerville,33.7934373,-97.1430681,0,
573,3Labs,53d447bd,California,Culver City,34.0211224,-118.3964665,0,
574,Camp Pendleton,33d59451,California,Oceanside,33.1958696,-117.3794834,0,
575,White River State Park,13d621f9,Indiana,Indianapolis,39.7683765,-86.1580423,0,
576,WaMu Theater,3d621eb,Washington,Seattle,47.6062095,-122.3320708,0,
577,Roseland Theater,3bd63c38,Oregon,Portland,45.5234515,-122.6762071,0,
578,KeyArena,7bd6d6f0,Washington,Seattle,47.6062095,-122.3320708,0,
579,Central Florida Fairgrounds,3bd628f4,Florida,Orlando,28.5383355,-81.3792365,0,
580,Metropolitan Park,2bd28c56,Florida,Jacksonville,30.3321838,-81.655651,0,
581,Austin Music Hall,63d63af3,Texas,Austin,30.267153,-97.7430608,0,
582,Venice Beach,73d4baa1,California,Venice,33.9908445,-118.4600787,0,
583,Austin Convention Center,2bd6c882,Texas,Austin,30.267153,-97.7430608,0,
584,SiriusXM Studios,6bd576f2,New York,New York,40.7142691,-74.0059729,0,
585,Bowery Ballroom,33d61cdd,New York,New York,40.7142691,-74.0059729,0,
586,The Sinclair,2bd7549a,Massachusetts,Cambridge,42.375097,-71.1056079,0,
587,Trocadero Theatre,5bd61f4c,Pennsylvania,Philadelphia,39.952335,-75.163789,0,
588,Plush,13d7355d,Missouri,St. Louis,38.6272733,-90.1978889,0,
589,Arizona Veterans Memorial Coliseum,73d62655,Arizona,Phoenix,33.4483771,-112.0740373,0,
590,Event Center Arena,63d3961f,California,San Jose,37.3393857,-121.8949555,0,
591,Sports Authority Field at Mile High,bd7199a,Colorado,Denver,39.7391536,-104.9847034,0,
592,Humboldt Park,6bd77a9a,Illinois,Chicago,41.850033,-87.6500523,0,
593,Discovery Park,5bd6c3c8,California,Sacramento,38.5815719,-121.4943996,0,
594,Vina Robles Amphitheatre,53d4af6d,California,Paso Robles,35.6266369,-120.6910043,0,
595,Walnut Creek Amphitheatre,43d63b5b,North Carolina,Raleigh,35.772096,-78.6386145,0,
596,Sporting Park,53d40fcd,Kansas,Kansas City,39.1141708,-94.627457,0,
597,Gloria Molina Grand Park,4bd1efb2,California,Los Angeles,34.052,-118.244,0,
598,L'Auberge Event Center,2bd24486,Louisiana,Lake Charles,30.213091663685,-93.204402923584,0,
599,Snowden Grove Amphitheater,bd25de6,Mississippi,Southaven,34.9889818,-90.0125913,0,
600,Turner Field,bd63996,Georgia,Atlanta,33.7489954,-84.3879824,0,
601,Buffalo Outer Harbor,4bd71bf2,New York,Buffalo,42.8864468,-78.8783689,0,
602,Sands Steel Stage at PNC Plaza,7bd212e8,Pennsylvania,Bethlehem,40.8617302,-78.7303073,0,
603,Parc Beauséjour,63d27643,Quebec,Rimouski,48.4487884478162,-68.5239601135254,0,
604,Empire Square,2bd6181a,Ontario,Belleville,44.1787569721817,-77.3705291748047,0,
605,Harris Park,4bd6dbd6,Ontario,London,42.983389283,-81.233042387,0,
606,Main Street Armory,3bd600cc,New York,Rochester,43.1547845,-77.6155568,0,
607,Tropicana Field,bd619ee,Florida,St. Petersburg,27.7708606,-82.6792661,0,
608,Durham Performing Arts Center,6bd6c6b2,North Carolina,Durham,35.9940329,-78.898619,0,
609,Third Man Records,23d6187f,Tennessee,Nashville,36.1658899,-86.7844432,0,
610,Ryman Auditorium,3d61d57,Tennessee,Nashville,36.1658899,-86.7844432,0,
611,The National,73d6365d,Virginia,Richmond,37.5537575,-77.4602617,0,
612,The Fillmore,13d60ddd,North Carolina,Charlotte,35.2270869,-80.8431268,0,
613,Universal Studios,63d79ae3,Florida,Orlando,28.5383355,-81.3792365,0,
614,Baton Rouge River Center,2bd62896,Louisiana,Baton Rouge,30.4507462,-91.154551,0,
615,The Ritz Carlton,23d4d447,California,Dana Point,33.4669721,-117.6981075,0,
616,Powerade Centre,23d714fb,Ontario,Brampton,43.683413485,-79.766326996,0,
617,TPC Birds Nest,5bd663b4,Arizona,Scottsdale,33.5092103,-111.8990327,0,
618,Belly Up,3d6c5ef,Colorado,Aspen,39.1910983,-106.8175387,0,
619,The Paramount,4bd7e35a,New York,Huntington,40.868154,-73.425676,0,
620,Casino Rama,2bd6d062,Ontario,Orillia,44.616809287,-79.416323517,0,
621,Lucky Star Casino,1bd641b0,Oklahoma,Concho,35.6156047,-97.9944958,0,
622,Northlands Grounds,3bd60460,Alberta,Edmonton,53.550135939,-113.468712219,0,
623,Fort Calgary Historic Park,6bdece4a,Alberta,Calgary,51.050112282,-114.085285152,0,
624,Jisan Forest Resort,73d2b269,Gyeonggi,Icheon,37.279,127.442,0,
625,America's Cup Pavilion,73d4aabd,California,San Francisco,37.775,-122.419,0,
626,Juan De Fuca Recreation Centre,3d76d27,British Columbia,Victoria,48.432935738,-123.369299678,0,
627,The Colosseum at Caesars Windsor,3bd73838,Ontario,Windsor,42.300083644,-83.016543483,0,
628,Hampton Beach Casino Ballroom,53d62351,New Hampshire,Hampton Beach,42.9073128,-70.8119967,0,
629,Woodfield Mall,73d4a255,Illinois,Schaumburg,42.0333608,-88.0834059,0,
630,Pioneer Courthouse Square,33d654c1,Oregon,Portland,45.5234515,-122.6762071,0,
631,The Verve,53d71f6d,Massachusetts,Natick,42.2834298,-71.3495032,0,
632,Hall 9-10-11,bd1d1b6,Chiba,Chiba,35.362,140.622,0,
633,WORLD Kinen Hall,33d2d8e1,Hyōgo,Kobe,34.412,135.114,0,
634,Zepp Nagoya,33d63ce9,Aichi,Nagoya,35.105,136.542,0,
635,Haze Nightclub,5bd75350,Nevada,Las Vegas,36.1749705,-115.137223,0,
636,Perth Arena,73d76aa5,Western Australia,Perth,-31.9333333,115.8333333,0,
637,Sydney Entertainment Centre,6bd6c65e,New South Wales,Sydney,-33.8678499639382,151.207323074341,0,
638,Palais Theatre,33d634c5,Victoria,Melbourne,-37.8139965641595,144.963322877884,0,
639,Sidney Myer Music Bowl,23d6382b,Victoria,Melbourne,-37.8139965641595,144.963322877884,0,
640,Vector Arena,2bd6382a,Auckland,Auckland,-36.8666667,174.7666667,0,
641,Lapangan D Senayan,3d6494b,Jakarta,Jakarta,-6.174,106.829,0,
642,Mahaffey Theater,23d6d4b7,Florida,St. Petersburg,27.7708606,-82.6792661,0,
643,Zilker Park,33d638ad,Texas,Austin,30.267153,-97.7430608,0,
644,Paul Paul Theater,13d39d59,California,Fresno,36.7477272,-119.7723661,0,
645,Christiana Mall,4bd77366,Delaware,Newark,39.6837226,-75.7496572,0,
646,Harbor East Waterfront,63d77af3,Maryland,Baltimore,39.2903848,-76.6121893,0,
647,Warner Theatre,73d6da81,"Washington, D.C.",Washington,38.895,-77.036,0,
648,The Venue at The Horseshoe Casino,1bd70df8,Indiana,Hammond,41.5833688,-87.5000412,0,
649,Sawyer Point Park,6bd2025a,Ohio,Cincinnati,39.1620036,-84.4568863,0,
650,Erie Canal Harbor Central Wharf,13d7f1f5,New York,Buffalo,42.8864468,-78.8783689,0,
651,Downtown Cedar Rapids,7bd2a248,Iowa,Cedar Rapids,42.0083328,-91.6440683,0,
652,Cotton Bowl,73d62685,Texas,Dallas,32.7830556,-96.8066667,0,
653,Borgata Event Center,2bd11032,New Jersey,Atlantic City,39.3642834,-74.4229266,0,
654,Mohegan Sun Arena,53d61fb1,Connecticut,Uncasville,41.4345426,-72.1097996,0,
655,Casino Beach,13d385a1,Florida,Pensacola Beach,30.3335333,-87.1374676,0,
656,Park West,4bd6375e,Illinois,Chicago,41.850033,-87.6500523,0,
657,Congress Theater,43d73fff,Illinois,Chicago,41.850033,-87.6500523,0,
658,Los Angeles Convention Center,33d4e481,California,Los Angeles,34.052,-118.244,0,
659,Showbox at the Market,13d5fde1,Washington,Seattle,47.6062095,-122.3320708,0,
660,Logger Sports Grounds,7bd71ec8,British Columbia,Squamish,49.749674038,-123.13597461,0,
661,YOKOHAMA ARENA,53d10309,Kanagawa,Yokohama,35.45,139.65,0,
662,Zepp Tokyo,4bd73f56,Tokyo,Tokyo,35.69,139.692,0,
663,Balado,3d62547,Scotland,Kinross,56.2,-3.4166667,0,
664,Knebworth House,73d2ee9d,England,Knebworth,51.8666667,-0.2,0,
665,Punchestown Racecourse,43d62b27,Kildare,Naas,53.216,-6.667,0,
666,Scène Molson Dry,2bd7206a,Quebec,Saint-Éphrem-de-Beauce,46.066770328,-70.949046183,0,
667,Eleanor Tinsley Park,1bd6d558,Texas,Houston,29.7632836,-95.3632715,0,
668,Gaslamp Quarter,33d74801,California,San Diego,32.7153292,-117.1572551,0,
669,Comcast Theatre,4bd6cb7a,Connecticut,Hartford,41.7637111,-72.6850932,0,
670,Event Center,2bd11032,New Jersey,Atlantic City,39.3642834,-74.4229266,0,
671,RFK Stadium Grounds,13d619f1,"Washington, D.C.",Washington,38.895,-77.036,0,
672,Festival Pier at Penn's Landing,7bd6da84,Pennsylvania,Philadelphia,39.952335,-75.163789,0,
673,Bank of America Pavilion,73d63a99,Massachusetts,Boston,42.3584308,-71.0597732,0,
674,Pizza Hut Park,63d66e3f,Texas,Frisco,33.1506744,-96.8236116,0,
675,Downtown Birmingham,43d29b5f,Alabama,Birmingham,33.5206608,-86.80249,0,
676,Roseland Ballroom,43d59b67,New York,New York,40.7142691,-74.0059729,0,
677,Orpheum Theatre,13d63981,Massachusetts,Boston,42.3584308,-71.0597732,0,
678,Ford Park,4bd6375a,Colorado,Vail,39.6402638,-106.3741955,0,
679,Chastain Park Amphitheater,73d6626d,Georgia,Atlanta,33.7489954,-84.3879824,0,
680,City Park,3d795db,Louisiana,New Orleans,29.955,-90.075,0,
681,Bare Pool Lounge at The Mirage,3bd2c8c4,Nevada,Las Vegas,36.1749705,-115.137223,0,
682,Bradley University Arena,3bd3c400,Illinois,Peoria,40.6936488,-89.5889864,0,
683,South Oval,23d63463,Ohio,Columbus,39.9611755,-82.9987942,0,
684,Dunes Inn,53d75329,California,Los Angeles,34.052,-118.244,0,
685,The Tonight Show with Jay Leno,3bd2e8f0,California,Burbank,34.1808392,-118.3089661,0,
686,Champlain Valley Fairgrounds and Exposition Center,3d2f957,Vermont,Essex Junction,44.4906054,-73.1109604,0,
687,Allentown Fairgrounds,5bd6275c,Pennsylvania,Allentown,40.6084305,-75.4901833,0,
688,Bramham Park,33de3895,England,Bramham,53.88118,-1.35452,0,
689,Westfair Amphitheater,3d6299b,Iowa,Council Bluffs,41.2619426,-95.8611232,0,
690,Huntington Beach Pier,43d6530f,California,Huntington Beach,33.660297,-117.9992265,0,
691,Celeste Center,23d6d833,Ohio,Columbus,39.9611755,-82.9987942,0,
692,Paso Robles Event Center,33d5d0b5,California,Paso Robles,35.6266369,-120.6910043,0,
693,Halifax Common,7bd6da50,Nova Scotia,Halifax,44.6453303558448,-63.5723876953125,0,
694,Mile One Centre,2bd6d8a6,Newfoundland and Labrador,St. John's,47.5675,-52.707222,0,
695,Williamsburg Waterfront,53d6d7d1,New York,Brooklyn,40.65,-73.95,0,
696,MGM Grand at Foxwoods,3d6197f,Connecticut,Mashantucket,41.4703,-71.9515,0,
697,Centennial Park,6bd6ce5a,Ontario,Sarnia,42.96677575,-82.383127601,0,
698,Great Stage Park,2bd6181e,Tennessee,Manchester,35.4817432,-86.0885993,0,
699,Horseshoe Southern Indiana Outdoor Arena,63d6d603,Indiana,Elizabeth,38.1211819,-85.9741324,0,
700,Henry W. Maier Festival Park,1bd3b970,Wisconsin,Milwaukee,43.0389025,-87.9064736,0,
701,City Market,5bd6cbc8,Missouri,Kansas City,39.0997266,-94.5785667,0,
702,The Ellen DeGeneres Show,13d61949,California,Burbank,34.1808392,-118.3089661,0,
703,Lopez Tonight,7bd5b644,California,Burbank,34.1808392,-118.3089661,0,
704,Meadowlands Sports Complex,23d664db,New Jersey,East Rutherford,40.833989,-74.0970865,0,
705,Byrd Stadium,7bd26660,Maryland,College Park,38.980666,-76.9369189,0,
706,Thom Thom Club,1bd645c0,California,Santa Monica,34.0194543,-118.4911912,0,
707,Tallahassee-Leon City Civic Center,63d3866f,Florida,Tallahassee,30.4382559,-84.2807329,0,
708,Air Canada Centre,1bd6d918,Ontario,Toronto,43.700113788,-79.416304194,0,
709,Santa Monica Douglas Park,53d1e315,Baja California Sur,Los Ángeles,23.78787,-110.29081,0,
710,Tonight Show With Conan O'Brien,73d6327d,California,Los Angeles,34.052,-118.244,0,
711,Hammerstein Ballroom,23d624df,New York,New York,40.7142691,-74.0059729,0,
712,Late Show With David Letterman,3bd624b4,New York,New York,40.7142691,-74.0059729,0,
713,P.C. Richard & Son Theater,bd6cd62,New York,New York,40.7142691,-74.0059729,0,
714,Hard Rock Cafe,23d62cb3,New York,New York,40.7142691,-74.0059729,0,
715,AOL Sessions,33d5e809,California,Los Angeles,34.052,-118.244,0,
716,The Grand Ballroom at the Regency Center,33d59ccd,California,San Francisco,37.775,-122.419,0,
717,Hot Topic Headquarters,5bd67f50,California,City of Industry,34.00534,-117.93885,0,
718,Verizon Wireless Amphitheatre,7bd13600,California,Irvine,33.6694649,-117.8231107,0,
719,Cricket Wireless Amphitheatre,53d5bb35,California,Chula Vista,32.6400541,-117.0841955,0,
720,Capitol Federal Park at Sandstone Amphitheater,73d6cab5,Kansas,Bonner Springs,39.059726,-94.8835754,0,
721,Saratoga Performing Arts Center,4bd63b2e,New York,Saratoga Springs,43.0831301,-73.7845651,0,
722,Susquehanna Bank Center,53d63b69,New Jersey,Camden,39.9259463,-75.1196199,0,
723,GREEN STAGE,1bdfb5b4,Niigata,Yuzawa,36.9333333,138.8166667,0,
724,Universal Studios Hollywood,2bd39086,California,Universal City,34.1388962,-118.3534115,0,
725,Sony Pictures Studios,53d3a7d9,California,Culver City,34.0211224,-118.3964665,0,
726,The Arena at Gwinnett Center,13d629e9,Georgia,Duluth,34.0028787,-84.1446376,0,
727,Reliant Arena,23d6c453,Texas,Houston,29.7632836,-95.3632715,0,
728,Nokia Live at Grand Prairie,2bd3ecea,Texas,Grand Prairie,32.7459645,-96.9977846,0,
729,Frank Erwin Center,43d63b0b,Texas,Austin,30.267153,-97.7430608,0,
730,Cox Arena,7bd62218,California,San Diego,32.7153292,-117.1572551,0,
731,General Motors Place,4bd637ae,British Columbia,Vancouver,49.249657393,-123.119340403,0,
732,Portland Memorial Coliseum,43d62f4b,Oregon,Portland,45.5234515,-122.6762071,0,
733,E Center,2bd63846,Utah,West Valley City,40.692,-112.001,0,
734,Broomfield Event Center,1bd6c5a4,Colorado,Broomfield,39.9205411,-105.0866504,0,
735,The Palace of Auburn Hills,23d63847,Michigan,Auburn Hills,42.6875323,-83.2341028,0,
736,Tsongas Arena,6bd6365a,Massachusetts,Lowell,42.6334247,-71.3161718,0,
737,Yoyogi Daiichi Taiikukan,4bd60f76,Tokyo,Tokyo,35.69,139.692,0,
738,Intex Osaka,63d6c293,Osaka,Osaka,34.694,135.502,0,
739,Zepp Fukuoka,33d63c91,Fukuoka,Fukuoka,33.5833333,130.4,0,
740,Aichi-ken Kinrou Kaikan,33d63c41,Aichi,Nagoya,35.105,136.542,0,
741,KROQ-FM Studios,73d08eed,California,Los Angeles,34.052,-118.244,0,
742,The Vera Project,4bd61bf6,Washington,Seattle,47.6062095,-122.3320708,0,
743,The Dance Hall at Oaks Park,73d1d2c9,Oregon,Portland,45.5234515,-122.6762071,0,
744,The American Legion Post 41,6bd3722a,Arizona,Phoenix,33.4483771,-112.0740373,0,
745,Selland Arena,bd63d12,California,Fresno,36.7477272,-119.7723661,0,
746,The Arena in Oakland,23d6646b,California,Oakland,37.8043722,-122.2708026,0,
747,Long Beach Arena,bd63982,California,Long Beach,33.7669623,-118.1892348,0,
748,Howard Stern Radio Program,3d62d37,New York,New York,40.7142691,-74.0059729,0,
749,DCU Center,13d63961,Massachusetts,Worcester,42.2625932,-71.8022934,0,
750,Continental Airlines Arena,4bd63b72,New Jersey,East Rutherford,40.833989,-74.0970865,0,
751,Wachovia Center,4bd63782,Pennsylvania,Philadelphia,39.952335,-75.163789,0,
752,Arena At Harbor Yard,13d635ed,Connecticut,Bridgeport,41.1670412,-73.2048348,0,
753,Patriot Center,2bd634d2,Virginia,Fairfax,38.8462236,-77.3063733,0,
754,Wolstein Center,43d62b7b,Ohio,Cleveland,41.4994954,-81.6954088,0,
755,Joe Louis Arena,23d6d013,Michigan,Detroit,42.331427,-83.0457538,0,
756,Assembly Hall,1bd6212c,Illinois,Champaign,40.1164205,-88.2433829,0,
757,Pepsi Center,53d61fad,Colorado,Denver,39.7391536,-104.9847034,0,
758,America West Arena,1bd639a8,Arizona,Phoenix,33.4483771,-112.0740373,0,
759,Curitiba Master Hall,2bd7d08e,Paraná,Curitiba,-25.42777778,-49.27305556,0,
760,Palacio de los Deportes,bd635a6,Distrito Federal,Mexico City,19.434,-99.139,0,
761,Telehit,73d4f285,Distrito Federal,Mexico City,19.434,-99.139,0,
762,Hyundai Pavilion,63d6322b,California,San Bernardino,34.1083449,-117.2897652,0,
763,Smirnoff Music Centre,5bd627f0,Texas,Dallas,32.7830556,-96.8066667,0,
764,St. Pete Times Forum,bd6d902,Florida,Tampa,27.9475216,-82.4584279,0,
765,BankAtlantic Center,3bd63c18,Florida,Sunrise,27.2594935,-82.4428733,0,
766,Corn Exchange,7bd7127c,Scotland,Edinburgh,55.95,-3.2,0,
767,Point Theatre,4bd6336e,Dublin,Dublin,53.3330556,-6.2488889,0,
768,Carling Apollo Hammersmith,43d7df9f,England,London,51.5084152563931,-0.125532746315002,0,
769,Stausee,63d6d65f,Thuringia,Hohenfelden,50.8833333,11.1666667,0,
770,Muffathalle,23d61c0f,Bavaria,Munich,48.1374325498109,11.5754914283752,0,
771,Salzburgring,5bde9f44,Salzburg,Plainfeld,47.83333,13.18333,0,
772,Chiba Marine Stadium,bd62d02,Chiba,Chiba,35.362,140.622,0,
773,WTC Open Air Stadium,53d61f2d,Osaka,Osaka,34.694,135.502,0,
774,Grant Park,53d6cfdd,Illinois,Chicago,41.850033,-87.6500523,0,
775,Savvis Center,43d6d75f,Missouri,St. Louis,38.6272733,-90.1978889,0,
776,Nashville Municipal Auditorium,bd6c9ee,Tennessee,Nashville,36.1658899,-86.7844432,0,
777,Underground Atlanta,7bd4aab8,Georgia,Atlanta,33.7489954,-84.3879824,0,
778,Nassau Veterans Memorial Coliseum,1bd6c998,New York,Uniondale,40.7003793,-73.5929056,0,
779,The Colisee,73d62249,Maine,Lewiston,44.100351,-70.2147764,0,
780,Stade Uniprix,4bd6c30a,Quebec,Montreal,45.5088375,-73.587809,0,
781,Verizon Wireless Amphitheater,33d63cf5,Kansas,Bonner Springs,39.059726,-94.8835754,0,
782,Sam Boyd Stadium,7bd62620,Nevada,Las Vegas,36.1749705,-115.137223,0,
783,Carling Academy Glasgow,2bd6c862,Scotland,Glasgow,55.8333333,-4.25,0,
784,Carling Academy Brixton,33d6c805,England,London,51.5084152563931,-0.125532746315002,0,
785,Carling Academy,3bd634dc,England,Birmingham,52.4666667,-1.9166667,0,
786,Pannonia Fields II,bd62532,Burgenland,Nickelsdorf,47.9405556,17.0694444,0,
787,Grosse Freiheit 36,73d6d2c5,Hamburg,Hamburg,53.55,10.0,0,
788,Nürburgring,73d786a5,Rhineland-Palatinate,Nürburg,50.3333333,6.95,0,
789,Electric Factory,43d61f23,Pennsylvania,Philadelphia,39.952335,-75.163789,0,
790,Avalon,6bd6d26a,Massachusetts,Boston,42.3584308,-71.0597732,0,
791,Kool Haus,1bd6c180,Ontario,Toronto,43.700113788,-79.416304194,0,
792,State Theatre,63d62a33,Michigan,Detroit,42.331427,-83.0457538,0,
793,First Avenue,63d63af7,Minnesota,Minneapolis,44.9799654,-93.2638361,0,
794,The Warfield,63d63667,California,San Francisco,37.775,-122.419,0,
795,The Moore Theatre,43d63b03,Washington,Seattle,47.6062095,-122.3320708,0,
796,Commodore Ballroom,6bd6d2a2,British Columbia,Vancouver,49.249657393,-123.119340403,0,
797,The Hotel Cafe,53d6dbcd,California,Los Angeles,34.052,-118.244,0,
798,London Arena,3d6c98f,England,London,51.5084152563931,-0.125532746315002,0,
799,Temple Newsam,2bd6003a,England,Leeds,51.2333333,0.6166667,0,
800,popworld,3bd61840,England,London,51.5084152563931,-0.125532746315002,0,
801,Chronicle Pavilion,53d6c301,California,Concord,37.9779777,-122.0310733,0,
802,Cricket Pavilion,13d635d9,Arizona,Phoenix,33.4483771,-112.0740373,0,
803,AmSouth Amphitheater,2bd624ce,Tennessee,Antioch,36.3558822,-86.2549901,0,
804,HiFi Buys Amphitheatre,5bd66bb8,Georgia,Atlanta,33.7489954,-84.3879824,0,
805,Tweeter Center,43d63b4b,New Jersey,Camden,39.9259463,-75.1196199,0,
806,Tommy Hilfiger at Jones Beach Theater,3d62d9f,New York,Wantagh,40.6837121,-73.5101258,0,
807,ctnow.com Meadows Music Theatre,13d2f57d,Connecticut,Hartford,41.7637111,-72.6850932,0,
808,Polaris Amphitheater,63d63eab,Ohio,Columbus,39.9611755,-82.9987942,0,
809,Verizon Wireless Music Center,43d63b57,Indiana,Noblesville,40.0455918,-86.0085955,0,
810,Tweeter Center Chicago,4bd62722,Illinois,Tinley Park,41.5733669,-87.7844944,0,
811,Nippon Budokan,3d61d43,Tokyo,Tokyo,35.69,139.692,0,
812,Aichi Kousei Nenkin Kaikan,2bd2207a,Aichi,Nagoya,35.105,136.542,0,
813,Zepp Osaka,33d63c95,Osaka,Osaka,34.694,135.502,0,
814,Hiroshima CLUB QUATTRO,2bd1c026,Hiroshima,Hiroshima,34.4,132.45,0,
815,Zepp Sendai,4bd63f5e,Miyagi,Sendai,38.2547222,140.8847222,0,
816,Anselmo Valencia Amphitheater,6bd62a0e,Arizona,Tucson,32.2217429,-110.926479,0,
817,Albuquerque Convention Center,5bd62b70,New Mexico,Albuquerque,35.084,-106.651,0,
818,City Auditorium,5bd62be0,Colorado,Colorado Springs,38.8338816,-104.8213634,0,
819,Kansas Coliseum,bd629ae,Kansas,Valley Center,37.8347342,-97.3733759,0,
820,Pershing Center,3bd6c450,Nebraska,Lincoln,40.8000011,-96.6669599,0,
821,Hilton Coliseum,6bd63eda,Iowa,Ames,42.0347081,-93.6199402,0,
822,Fargodome,53d61fa1,North Dakota,Fargo,46.8771863,-96.7898034,0,
823,MetraPark Arena,3d0456b,Montana,Billings,45.7832856,-108.5006904,0,
824,Adams Center,3bd63898,Montana,Missoula,46.872146,-113.9939982,0,
825,Beasley Performing Arts Coliseum,23d620fb,Washington,Pullman,46.7312745,-117.1796158,0,
826,Pacific Coliseum,53d6c705,British Columbia,Vancouver,49.249657393,-123.119340403,0,
827,The Stampede Corral,13d6c5b9,Alberta,Calgary,51.050112282,-114.085285152,0,
828,Northlands AgriCom,13d03ddd,Alberta,Edmonton,53.550135939,-113.468712219,0,
829,Hit Machine,3d4d187,Île-de-France,Paris,48.853,2.349,0,
830,Barrowland,43d5fbef,Scotland,Glasgow,55.8333333,-4.25,0,
831,Carling Apollo Manchester,3d4edd7,England,Manchester,53.4809464283615,-2.23743438720703,0,
832,Donosti Arena,5bd4a39c,Basque Country,San Sebastian,43.3128301277,-1.97499342945,0,
833,Palau Sant Jordi,63d6367b,Catalonia,Barcelona,41.3887868890716,2.15898513793945,0,
834,Palacio Vistalegre,63d622cf,Autonomous Region of Madrid,Madrid,40.4165020941502,-3.70256423950195,0,
835,Coliseu do Porto,3d66507,Porto,Porto,41.158,-8.636,0,
836,Coliseu dos Recreios,4bd63bca,Lisbon,Lisbon,38.7166667,-9.1333333,0,
837,Mars Music Amphitheatre,53d38705,Florida,West Palm Beach,26.7153425,-80.0533746,0,
838,Ice Palace,7bd63af4,Florida,Tampa,27.9475216,-82.4584279,0,
839,Raleigh Entertainment and Sports Arena,2bd628de,North Carolina,Raleigh,35.772096,-78.6386145,0,
840,Mellon Arena,43d637cf,Pennsylvania,Pittsburgh,40.4406248,-79.9958864,0,
841,Pepsi Arena,6bd6221e,New York,Albany,42.6525793,-73.7562317,0,
842,Centre Molson,4bd63f32,Quebec,Montreal,45.5088375,-73.587809,0,
843,Copps Coliseum,23d6c41f,Ontario,Hamilton,43.233408354,-79.949639869,0,
844,Bryce Jordan Center,53d62729,Pennsylvania,University Park,40.802006,-77.8563902,0,
845,First Union Arena,1bd629a8,Pennsylvania,Wilkes-Barre,41.2459149,-75.8813075,0,
846,Blue Cross Arena,5bd61fb8,New York,Rochester,43.1547845,-77.6155568,0,
847,Cricket Arena,1bd629b8,North Carolina,Charlotte,35.2270869,-80.8431268,0,
848,The Icehouse,3bd080e4,British Columbia,Victoria,48.432935738,-123.369299678,0,
849,Cumberland County Civic Center,7bd626cc,Maine,Portland,43.661471,-70.2553259,0,
850,Baltimore Arena,23d6c07b,Maryland,Baltimore,39.2903848,-76.6121893,0,
851,CSU Convocation Center,63d6c2db,Ohio,Cleveland,41.4994954,-81.6954088,0,
852,Wings Stadium,1bd63914,Michigan,Kalamazoo,42.2917069,-85.5872286,0,
853,Redbird Arena,2bd6c41e,Illinois,Normal,40.5142026,-88.9906312,0,
854,Municipal Auditorium,63d6c23f,Missouri,Kansas City,39.0997266,-94.5785667,0,
855,Family Arena,2bd65c82,Missouri,St. Charles,38.784,-90.481,0,
856,Fort Worth Convention Center,3bd3ec7c,Texas,Fort Worth,32.725409,-97.3208496,0,
857,Freeman Coliseum,13d629b9,Texas,San Antonio,29.4241219,-98.4936282,0,
858,Bank of America Center,3bd62848,Idaho,Boise,43.6135002,-116.2034505,0,
859,Rose Garden Arena,4bd61ff6,Oregon,Portland,45.5234515,-122.6762071,0,
860,Jones Beach Theater,33d6c89d,New York,Wantagh,40.6837121,-73.5101258,0,
861,First Union Spectrum,6bd6c2be,Pennsylvania,Philadelphia,39.952335,-75.163789,0,
862,Arrow Hall,3d6cd5f,Ontario,Mississauga,43.5788986029537,-79.6583032608032,0,
863,Cobo Arena,3bd638c4,Michigan,Detroit,42.331427,-83.0457538,0,
864,United Center,63d0f2d3,Illinois,Chicago,41.850033,-87.6500523,0,
865,Roy Wilkins Auditorium,2bd63802,Minnesota,St. Paul,44.944,-93.093,0,
866,Denver Coliseum,73d62a49,Colorado,Denver,39.7391536,-104.9847034,0,
867,Cox Pavilion,73d64acd,Nevada,Las Vegas,36.1749705,-115.137223,0,
868,Henry J. Kaiser Convention Center,13d6c945,California,Oakland,37.8043722,-122.2708026,0,
869,Blockbuster Pavilion,bd6d13a,California,San Bernardino,34.1083449,-117.2897652,0,
870,Irving Plaza,4bd61f3e,New York,New York,40.7142691,-74.0059729,0,
871,Top of the Pops,3d6d1d3,England,London,51.5084152563931,-0.125532746315002,0,
872,Razzmatazz 2,2bd61c56,Catalonia,Barcelona,41.3887868890716,2.15898513793945,0,
873,Sala Arena,7bd60a90,Autonomous Region of Madrid,Madrid,40.4165020941502,-3.70256423950195,0,
874,Élysée Montmartre,4bd6377e,Île-de-France,Paris,48.853,2.349,0,
875,The Max,33d5fccd,North Holland,Amsterdam,52.373,4.9,0,
876,Eichenring,33d6c80d,Lower Saxony,Scheeßel,53.1666667,9.4833333,0,
877,take-off GewerbePark,7bd7ee88,Baden-Württemberg,Neuhausen ob Eck,47.9725709174694,8.92759323120117,0,
878,Soundgarden,6bd63e52,North Rhine-Westphalia,Dortmund,51.5166667,7.45,0,
879,Pumpehuset,43d6cba7,Capital Region,Copenhagen,55.6776812020993,12.5709342956543,0,
880,Rockefeller Music Hall,63d6220f,Oslo,Oslo,59.912697157616,10.7413673400879,0,
881,Hawaii,1bdfb5d8,Kalmar County,Hultsfred,57.4881542974209,15.8435726165771,0,
882,Törnävä,2bd6d4ba,Southern Ostrobothnia,Seinäjoki,62.567,23.067,0,
883,BBC Radio 1 Studios,6bd6d282,England,London,51.5084152563931,-0.125532746315002,0,
884,The Pepsi Chart Show,6bd4aa3e,England,London,51.5084152563931,-0.125532746315002,0,
885,T4,43d563c3,England,London,51.5084152563931,-0.125532746315002,0,
886,Ontario Place's ''Island Club'',73d64af5,Ontario,Toronto,43.700113788,-79.416304194,0,
887,Hudson River,6bd64af6,New York,New York,40.7142691,-74.0059729,0,
888,Virgin Megastore,23d6c887,New York,New York,40.7142691,-74.0059729,0,
889,Late Night With Conan O'Brien,23d624a7,New York,New York,40.7142691,-74.0059729,0,
890,Blue Horizon,3d74d0f,Pennsylvania,Philadelphia,39.952335,-75.163789,0,
891,The George Washington University,5bd03f80,"Washington, D.C.",Washington,38.895,-77.036,0,
892,The Beachcomber,3d63d83,Massachusetts,Wellfleet,41.9376051,-70.0327996,0,
893,Fleet Pavilion,73d62a11,Massachusetts,Boston,42.3584308,-71.0597732,0,
894,Robert F. Kennedy Memorial Stadium,5bd2fbd4,"Washington, D.C.",Washington,38.895,-77.036,0,
895,Fireside Bowl,73d7aaad,Illinois,Chicago,41.850033,-87.6500523,0,
896,Airborne Skatepark,4bd6cff2,Michigan,Detroit,42.331427,-83.0457538,0,
897,Riverport Amphitheatre,53d637cd,Missouri,Maryland Heights,38.7131073,-90.4298401,0,
898,Saturday Night Live,bd6c9f6,New York,New York,40.7142691,-74.0059729,0,
899,Six Flags Magic Mountain,53d39319,California,Santa Clarita,34.3916641,-118.542586,0,
900,Tower Records,63d67a83,California,West Hollywood,34.0900091,-118.3617443,0,
901,Will Rogers Downs,2bd7c0d6,Oklahoma,Claremore,36.3125964,-95.61609,0,
902,Rawhide Western Town and Event Center,6bd2e2ee,Arizona,Chandler,33.3061605,-111.8412502,0,
903,XETRA-FM Studios,73d29a3d,California,Chula Vista,32.6400541,-117.0841955,0,
904,Kearny Mesa Bowl,3dfa9d3,California,San Diego,32.7153292,-117.1572551,0,
905,Club Diamond Hall,1bd085e8,Aichi,Nagoya,35.105,136.542,0,
906,Aster Plaza,33d63c8d,Hiroshima,Hiroshima,34.4,132.45,0,
907,Akasaka BLITZ,63d2aa67,Tokyo,Tokyo,35.69,139.692,0,
908,RIMAC Arena,3bd39c54,California,La Jolla,32.8472695,-117.274204,0,
909,Fillmore Auditorium,4bd61fea,Colorado,Denver,39.7391536,-104.9847034,0,
910,Memorial Hall,33d5f825,Kansas,Kansas City,39.1141708,-94.627457,0,
911,Hearnes Center,4bd6cff6,Missouri,Columbia,38.9517053,-92.3340724,0,
912,Recreation and Convocation Center,5bd60f10,New York,Albany,42.6525793,-73.7562317,0,
913,Lowell Memorial Auditorium,5bd62b7c,Massachusetts,Lowell,42.6334247,-71.3161718,0,
914,Bender Arena,bd62956,"Washington, D.C.",Washington,38.895,-77.036,0,
915,Grady Cole Center,2bd62422,North Carolina,Charlotte,35.2270869,-80.8431268,0,
916,The Classic Center,5bd19bf8,Georgia,Athens,33.960948,-83.3779358,0,
917,USF Sun Dome,63d6265b,Florida,Tampa,27.9475216,-82.4584279,0,
918,Sunrise Musical Theater,33d3fcad,Florida,Sunrise,27.2594935,-82.4428733,0,
919,Aerial Theater at Bayou Place,2bd62496,Texas,Houston,29.7632836,-95.3632715,0,
920,Universal Amphitheatre,bd6c9a6,California,Universal City,34.1388962,-118.3534115,0,
921,Spaceland,33d6c881,California,Los Angeles,34.052,-118.244,0,
922,Wild Waters,bd795b2,California,Fresno,36.7477272,-119.7723661,0,
923,Ogden Theatre,6bd63666,Colorado,Denver,39.7391536,-104.9847034,0,
924,El Rey Theater,53d2d3dd,New Mexico,Albuquerque,35.084,-106.651,0,
925,Deep Ellum Live,13d625a9,Texas,Dallas,32.7830556,-96.8066667,0,
926,Numbers,1bd6399c,Texas,Houston,29.7632836,-95.3632715,0,
927,Auditorium Shores,73d6caed,Texas,Austin,30.267153,-97.7430608,0,
928,Cain's Ballroom,bd63d32,Oklahoma,Tulsa,36.1539816,-95.992775,0,
929,Granada Theater,63d6d6a7,Kansas,Lawrence,38.9716689,-95.2352501,0,
930,The Blue Note,2bd63822,Missouri,Columbia,38.9517053,-92.3340724,0,
931,The Rave,1bd639bc,Wisconsin,Milwaukee,43.0389025,-87.9064736,0,
932,Metro,63d51a83,Illinois,Chicago,41.850033,-87.6500523,0,
933,Saint Andrew's Hall,4bd62b86,Michigan,Detroit,42.331427,-83.0457538,0,
934,Runwayz,bd601ea,New York,Buffalo,42.8864468,-78.8783689,0,
935,The Phoenix Concert Theatre,7bd57e94,Ontario,Toronto,43.700113788,-79.416304194,0,
936,The Odeon,73d5968d,Ohio,Cleveland,41.4994954,-81.6954088,0,
937,The Theatre of Living Arts,13d729b1,Pennsylvania,Philadelphia,39.952335,-75.163789,0,
938,9:30 Club,3d635a7,"Washington, D.C.",Washington,38.895,-77.036,0,
939,Lupo's Heartbreak Hotel,23d63877,Rhode Island,Providence,41.8239891,-71.4128343,0,
940,Axis,2bd6d0b2,Massachusetts,Boston,42.3584308,-71.0597732,0,
941,The Stone Pony,23d6c88f,New Jersey,Asbury Park,40.2203907,-74.0120817,0,
942,Shibuya CLUB QUATTRO,7bd1c66c,Tokyo,Tokyo,35.69,139.692,0,
943,Conifer Forest,5bd31f8c,Yamanashi,Fuji-Yoshida,35.483,138.833,0,
944,Crest Theatre,3bd62c64,California,Sacramento,38.5815719,-121.4943996,0,
945,Cactus Club,2bd6285e,California,San Jose,37.3393857,-121.8949555,0,
946,Showbox Comedy and Supper Club,43d4c7c3,Washington,Seattle,47.6062095,-122.3320708,0,
947,Aladdin Theater,5bd63330,Oregon,Portland,45.5234515,-122.6762071,0,
948,Sixth & Main,3bd40cbc,Idaho,Boise,43.6135002,-116.2034505,0,
949,DV8,43d6cfeb,Utah,Salt Lake City,40.7607794,-111.8910474,0,
950,Sanctuary,bd7399e,Nevada,Las Vegas,36.1749705,-115.137223,0,
951,Boston's,2bd2d06e,Arizona,Tempe,33.414768,-111.9093095,0,
952,Canes Bar & Grill,63d756eb,California,San Diego,32.7153292,-117.1572551,0,
953,Boreal Mountain Resort,1bd2cd30,California,Soda Springs,39.32324,-120.37993,0,
954,Pier 30/32,43d63f73,California,San Francisco,37.775,-122.419,0,
955,Arrowhead Pond of Anaheim,4bd5c712,California,Anaheim,33.8352932,-117.9145036,0,
956,Ventura County Fairgrounds,1bd6c92c,California,Ventura,34.2783352,-119.2931676,0,
957,Manzanita Speedway,3d64573,Arizona,Phoenix,33.4483771,-112.0740373,0,
958,Coors Amphitheatre,53d627f1,California,Chula Vista,32.6400541,-117.0841955,0,
959,Fresno State University Amphitheater,13d62999,California,Fresno,36.7477272,-119.7723661,0,
960,Lava Lounge,4bd6d77a,California,Long Beach,33.7669623,-118.1892348,0,
961,The Casbah,53d63b61,California,San Diego,32.7153292,-117.1572551,0,
962,Jerry's Pizza & Pub,13d61155,California,Bakersfield,35.3732921,-119.0187125,0,
963,Yucatan,3bd67440,California,Santa Barbara,34.4208305,-119.6981901,0,
964,The Palace,6bd6d2e2,California,Los Angeles,34.052,-118.244,0,
965,Nimitz Hall,23d4346b,Hawaii,Honolulu,21.3069444,-157.8583333,0,
966,Hwa Sha Auditorium,bd7659e,T'ai-pei,Taipei,25.0391667,121.525,0,
967,Dance Fever,6bd7fae6,Bangkok,Bangkok,13.75,100.5166667,0,
968,Nagoya CLUB QUATTRO,7bd1c660,Aichi,Nagoya,35.105,136.542,0,
969,PENNY LANE 24,bd25dde,Hokkaidō,Sapporo,43.343,141.211,0,
970,DRUM LOGOS,7bd1c6f4,Fukuoka,Fukuoka,33.5833333,130.4,0,
971,Shinsaibashi CLUB QUATTRO,73d1c665,Osaka,Osaka,34.694,135.502,0,
972,Galaxy Theatre,53d6c39d,California,Santa Ana,33.7455731,-117.8678338,0,
973,The Edge,4bd63f3a,California,Palo Alto,37.4418834,-122.1430195,0,
974,La Luna,43d6c383,Oregon,Portland,45.5234515,-122.6762071,0,
975,"MacEwan Hall, University of Calgary",3d4615f,Alberta,Calgary,51.050112282,-114.085285152,0,
976,Ranch Bowl,43d62bbb,Nebraska,Omaha,41.2586096,-95.937792,0,
977,New World Music Theatre,73d63aa5,Illinois,Tinley Park,41.5733669,-87.7844944,0,
978,Target Center,3d62113,Minnesota,Minneapolis,44.9799654,-93.2638361,0,
979,North AmeriCare Park,4bd607be,New York,Buffalo,42.8864468,-78.8783689,0,
980,Great Woods Center for the Performing Arts,73d26aa5,Massachusetts,Mansfield,42.0334326,-71.2189405,0,
981,Blockbuster-Sony Music Entertainment Centre,73d6c2c5,New Jersey,Camden,39.9259463,-75.1196199,0,
982,WRNB-FM Studios,13d2817d,Pennsylvania,Philadelphia,39.952335,-75.163789,0,
983,Tink's Entertainment Complex,6bd62602,Pennsylvania,Scranton,41.408969,-75.6624122,0,
984,Nissan Pavilion,53d61f79,Virginia,Bristow,38.7228946,-77.5361005,0,
985,GTE Virginia Beach Amphitheater,4bd3af6e,Virginia,Virginia Beach,36.8529263,-75.977985,0,
986,Coca-Cola Lakewood Amphitheatre,7bd62e9c,Georgia,Atlanta,33.7489954,-84.3879824,0,
987,World's Fair Park,3bd624c8,Tennessee,Knoxville,35.9606384,-83.9207392,0,
988,Starwood Amphitheatre,5bd62718,Tennessee,Antioch,36.3558822,-86.2549901,0,
989,Sandstone Amphitheater,6bd63eae,Kansas,Bonner Springs,39.059726,-94.8835754,0,
990,Crown Bingo Arena,4bd78356,Kansas,Wichita,37.6922361,-97.3375448,0,
991,KXRX-FM Studios,53d2cfe9,Utah,Salt Lake City,40.7607794,-111.8910474,0,
992,San Diego Sports Arena,43d637ab,California,San Diego,32.7153292,-117.1572551,0,
993,The Catalyst,7bd63658,California,Santa Cruz,36.9741171,-122.0307963,0,
994,The Gorge Amphitheatre,73d6de85,Washington,George,47.0790224,-119.8558822,0,
995,KNDD Studios,53d6cfe9,Washington,Seattle,47.6062095,-122.3320708,0,
996,Lansdowne Street,3bd6c010,Massachusetts,Boston,42.3584308,-71.0597732,0,
997,Barrymore Theatre,13d63985,Wisconsin,Madison,43.0730517,-89.4012302,0,
998,Newport Music Hall,2bd6d0be,Ohio,Columbus,39.9611755,-82.9987942,0,
999,The Brewery,33d62815,Kentucky,Louisville,38.2542376,-85.759407,0,
1000,Tremont Music Hall,3bd6340c,North Carolina,Charlotte,35.2270869,-80.8431268,0,
1001,Music Farm,3d63da3,South Carolina,Charleston,32.7765656,-79.9309216,0,
1002,Ziggy's,2bd6c0ca,North Carolina,Winston-Salem,36.1,-80.244,0,
1003,Marrz,23d7dc07,North Carolina,Raleigh,35.772096,-78.6386145,0,
1004,The Boathouse,2bd6387a,Virginia,Norfolk,36.8468146,-76.2852183,0,
1005,The Flood Zone,23d6c0d7,Virginia,Richmond,37.5537575,-77.4602617,0,
1006,Metropol,53d533bd,Pennsylvania,Pittsburgh,40.4406248,-79.9958864,0,
1007,Convention Hall,23d624a3,New Jersey,Asbury Park,40.2203907,-74.0120817,0,
1008,The Chameleon Club,bd61dbe,Pennsylvania,Lancaster,40.0378755,-76.3055144,0,
1009,Liberty Lunch,6bd6c27a,Texas,Austin,30.267153,-97.7430608,0,
1010,Bijou Theatre,63d63653,Tennessee,Knoxville,35.9606384,-83.9207392,0,
1011,328 Performance Hall,23d6c007,Tennessee,Nashville,36.1658899,-86.7844432,0,
1012,Club Firestone,13d639f1,Florida,Orlando,28.5383355,-81.3792365,0,
1013,Theatre Club,13d7d971,Florida,Fort Lauderdale,26.1223084,-80.1433786,0,
1014,Spec's Music,63d4e22f,Florida,West Palm Beach,26.7153425,-80.0533746,0,
1015,Florida Theatre,bd62592,Florida,Gainesville,29.6516344,-82.3248262,0,
1016,Toad's Place,6bd6d2de,Connecticut,New Haven,41.3081527,-72.9281578,0,
1017,KROQ Studios,2bd7241a,New York,New York,40.7142691,-74.0059729,0,
1018,Rosemont Horizon,63d626d3,Illinois,Rosemont,41.9953077,-87.8845092,0,
1019,Harro East Ballroom,5bd6c3a8,New York,Rochester,43.1547845,-77.6155568,0,
1020,Metropolis,6bd6c6da,Quebec,Montreal,45.5088375,-73.587809,0,
1021,CFNY-FM Studios,2bd6d822,Ontario,Toronto,43.700113788,-79.416304194,0,
1022,299 Queen Street West,3d5111b,Ontario,Toronto,43.700113788,-79.416304194,0,
1023,Ogden Street Music Hall,33d6c409,New York,Buffalo,42.8864468,-78.8783689,0,
1024,Bogart's,3d6c183,Ohio,Cincinnati,39.1620036,-84.4568863,0,
1025,Riviera Theatre,1bd4652c,Illinois,Chicago,41.850033,-87.6500523,0,
1026,Mississippi Nights,73d62219,Missouri,St. Louis,38.6272733,-90.1978889,0,
1027,Hellenic Community Centre,7bd0c2d4,British Columbia,Vancouver,49.249657393,-123.119340403,0,
1028,Shorecrest High School cafeteria,bd1a536,Washington,Shoreline,47.7556531,-122.3415178,0,
1029,Visalia Convention Center,3d67d9b,California,Visalia,36.3302284,-119.2920585,0,
1030,The Majestic Ventura Theater,53d59739,California,Ventura,34.2783352,-119.2931676,0,
1031,LIQUIDROOM,7bd63e0c,Tokyo,Tokyo,35.69,139.692,0,
1032,Logan Campbell Centre,7bd62644,Auckland,Auckland,-36.8666667,174.7666667,0,
1033,Metro Theatre,33d10491,New South Wales,Sydney,-33.8678499639382,151.207323074341,0,
1034,ANU Bar & Refectory,43d4df97,Australian Capital Territory,Canberra,-35.2834624726481,149.128074645996,0,
1035,Planet Nightclub,23d6244f,Western Australia,Perth,-31.9333333,115.8333333,0,
1036,78 Records,5bd7a7d4,Western Australia,Perth,-31.9333333,115.8333333,0,
1037,Davies Park,6bd622b2,Queensland,Brisbane,-27.4679357321901,153.028092384338,0,
1038,The Palace Complex,6bd492be,Victoria,Melbourne,-37.8139965641595,144.963322877884,0,
1039,The Lyric,1bd7ad90,Victoria,Geelong,-38.1471125837516,144.360694885254,0,
1040,Storey Hall,3dedd2b,Victoria,Melbourne,-37.8139965641595,144.963322877884,0,
1041,Sala KTDral,23d43473,Autonomous Region of Madrid,Madrid,40.4165020941502,-3.70256423950195,0,
1042,Sala Zeleste,33d01491,Catalonia,Barcelona,41.3887868890716,2.15898513793945,0,
1043,Modena Open Air Festival,63d65eaf,Emilia-Romagna,Modena,44.6478340072451,10.9253883361816,0,
1044,Backstage,23d61c3f,Bavaria,Munich,48.1374325498109,11.5754914283752,0,
1045,LOGO,33d6c0a9,Hamburg,Hamburg,53.55,10.0,0,
1046,Den Grå Hal,23d6c84b,Capital Region,Copenhagen,55.6776812020993,12.5709342956543,0,
1047,Mejeriet,1bd63598,Skåne County,Lund,55.702802466167,13.1927347183228,0,
1048,Sentrum Scene,33d63461,Oslo,Oslo,59.912697157616,10.7413673400879,0,
1049,Gino,7bd65644,Stockholm County,Stockholm,59.3325765361753,18.0649030208588,0,
1050,Evenemententerrein Walibi Holland,73d23e0d,Flevoland,Biddinghuizen,52.455,5.693056,0,
1051,Domein Kiewit,53d2375d,Limburg,Hasselt,50.93,5.338,0,
1052,Fort de Saint-Père,3d3b50b,Brittany,Saint-Père,48.587,-1.924,0,
1053,Butzweilerhof,6bd6267e,North Rhine-Westphalia,Cologne,50.9333333,6.95,0,
1054,Technikumplatz,5bd0ab0c,Zürich,Winterthur,47.497,8.734,0,
1055,Arena,63d63a33,Vienna,Vienna,48.2084877601653,16.3720750808716,0,
1056,Party Gardens,2bd678be,Arizona,Phoenix,33.4483771,-112.0740373,0,
1057,Mammoth Events Center,73d2c611,Colorado,Denver,39.7391536,-104.9847034,0,
1058,American Theater,33d62491,Missouri,St. Louis,38.6272733,-90.1978889,0,
1059,Deer Creek Music Center,53d6c761,Indiana,Noblesville,40.0455918,-86.0085955,0,
1060,Meadow Brook Music Festival,43d5e353,Michigan,Rochester Hills,42.6583661,-83.1499322,0,
1061,Nautica Stage,3bd6287c,Ohio,Cleveland,41.4994954,-81.6954088,0,
1062,The Warehouse,7bd6d2ac,Ontario,Toronto,43.700113788,-79.416304194,0,
1063,Université de Montréal CEPSUM,3bd6d8a8,Quebec,Montreal,45.5088375,-73.587809,0,
1064,Central Park SummerStage,4bd61b52,New York,New York,40.7142691,-74.0059729,0,
1065,The Air Strip at Blind Mellons,53d34b81,New York,Cheektowaga,42.9033917,-78.7547536,0,
1066,Starz,23d6c417,Pennsylvania,Allentown,40.6084305,-75.4901833,0,
1067,Tennessee Amphitheater,4bd28bba,Tennessee,Knoxville,35.9606384,-83.9207392,0,
1068,Sloss Furnaces,3bd634d0,Alabama,Birmingham,33.5206608,-86.80249,0,
1069,Tipitina's,33d62445,Louisiana,New Orleans,29.955,-90.075,0,
1070,Hedemora Motorstadion,7bd70218,Dalarna County,Hedemora,60.2797279430336,15.9885513782501,0,
1071,Teltet i Tresse,13d561c1,Vest-Agder,Kristiansand,58.1467938592621,7.99736022949219,0,
1072,Markthalle,53d63735,Hamburg,Hamburg,53.55,10.0,0,
1073,Dyrskuepladsen,5bd5b3ac,Region Zealand,Roskilde,55.6415191517441,12.0803475379944,0,
1074,Voetbalterrein DK Torhout,3d4098b,West Flanders,Torhout,51.067,3.1,0,
1075,Batschkapp,53d6c729,Hesse,Frankfurt,50.1166667,8.6833333,0,
1076,Live Music Hall,13d2edd9,North Rhine-Westphalia,Cologne,50.9333333,6.95,0,
1077,Tivoli,3bd49848,Utrecht,Utrecht,52.090833,5.122222,0,
1078,De Montfort University,1bd229cc,England,Leicester,52.6333333,-1.1333333,0,
1079,Manchester Academy,5bd03f18,England,Manchester,53.4809464283615,-2.23743438720703,0,
1080,Leeds Irish Centre,4bd62f2a,England,Leeds,51.2333333,0.6166667,0,
1081,Wulfrun Hall,33d6c86d,England,Wolverhampton,52.5833333,-2.1333333,0,
1082,London Astoria,73d372b1,England,London,51.5084152563931,-0.125532746315002,0,
1083,Sala Pacha,3bd638b8,Autonomous Region of Madrid,Madrid,40.4165020941502,-3.70256423950195,0,
1084,MuchMusic Studios,1bd6d944,Ontario,Toronto,43.700113788,-79.416304194,0,
1085,SOMA,6bd6c2f6,California,San Diego,32.7153292,-117.1572551,0,
1086,Trees,1bd6215c,Texas,Dallas,32.7830556,-96.8066667,0,
1087,Cat's Paw Studio,6bd79e36,Georgia,Atlanta,33.7489954,-84.3879824,0,
1088,WUST Radio Music Hall,5bd38fb8,"Washington, D.C.",Washington,38.895,-77.036,0,
1089,Tower Theatre,5bd63b70,Pennsylvania,Upper Darby,39.9284459,-75.2737955,0,
1090,Le Spectrum,6bd6c26e,Quebec,Montreal,45.5088375,-73.587809,0,
1091,"Horticulture Building, Utah State Fairgrounds",5bd2cf54,Utah,Salt Lake City,40.7607794,-111.8910474,0,
1092,Music Millennium,73d6c29d,Oregon,Portland,45.5234515,-122.6762071,0,
1093,Paradigm,53d42f21,Oregon,Portland,45.5234515,-122.6762071,0,
1094,Estandard Club,63d65af3,Catalonia,Barcelona,41.3887868890716,2.15898513793945,0,
1095,El Sol,73d602e1,Autonomous Region of Madrid,Madrid,40.4165020941502,-3.70256423950195,0,
1096,The Leadmill,13d63559,England,Sheffield,53.383,-1.466,0,
1097,King Tut's Wah Wah Hut,33d63455,Scotland,Glasgow,55.8333333,-4.25,0,
1098,Boardwalk,3bd6ccf4,England,Manchester,53.4809464283615,-2.23743438720703,0,
1099,Edwards No. 8,53d0afc1,England,Birmingham,52.4666667,-1.9166667,0,
1100,Black Session @ 'La Maison de la Radio',bd75532,Île-de-France,Paris,48.853,2.349,0,
1101,L'Arapaho,33d6d075,Île-de-France,Paris,48.853,2.349,0,
1102,Factory,13d74961,Lombardy,Milan,45.4642693810258,9.1895055770874,0,
1103,Feuerwehrhaus,7bd72a0c,Baden-Württemberg,Gäufelden,48.553091791616,8.82287979125977,0,
1104,Negativ,4bd46f36,Hesse,Frankfurt,50.1166667,8.6833333,0,
1105,Huxley's Jr.,4bd61722,Berlin,Berlin,52.5166667,13.4,0,
1106,Luxor,6bd63a4e,North Rhine-Westphalia,Cologne,50.9333333,6.95,0,
1107,Vera,33d6349d,Groningen,Groningen,53.219167,6.566667,0,
1108,Melkweg,73d6da59,North Holland,Amsterdam,52.373,4.9,0,
1109,Effenaar,5bd63778,North Brabant,Eindhoven,51.440833,5.477778,0,
1110,Nighttown,5bd62b88,South Holland,Rotterdam,51.9225,4.479167,0,
1111,Paard van Troje,43d6cbe3,South Holland,The Hague,52.076667,4.298611,0,
1112,Splash Club,13d64579,England,London,51.5084152563931,-0.125532746315002,0,
1113,The Word,3bd2f488,England,London,51.5084152563931,-0.125532746315002,0,
1114,Hornet Gym,13d1f955,California,Sacramento,38.5815719,-121.4943996,0,
1115,Mulcahy's,63d62a6b,New York,Wantagh,40.6837121,-73.5101258,0,
1116,The Sting,53d6274d,Connecticut,New Britain,41.6612104,-72.7795419,0,
1117,Peabody's Down Under,73de8a19,Ohio,Cleveland,41.4994954,-81.6954088,0,
1118,UIC Pavilion,7bd62658,Illinois,Chicago,41.850033,-87.6500523,0,
1119,Graffiti,1bd3318c,Pennsylvania,Pittsburgh,40.4406248,-79.9958864,0,
1120,The Opera House,23d6c4ff,Ontario,Toronto,43.700113788,-79.416304194,0,
1121,Water Street Music Hall,6bd63ad6,New York,Rochester,43.1547845,-77.6155568,0,
1122,Blind Melon's,3bd238e0,New York,Cheektowaga,42.9033917,-78.7547536,0,
1123,WFNX 101.7,2bd630ee,Massachusetts,Boston,42.3584308,-71.0597732,0,
1124,Keaney Gymnasium,6bd03632,Rhode Island,Kingston,41.4803791,-71.5225598,0,
1125,The Academy,2bd6c416,New York,New York,40.7142691,-74.0059729,0,
1126,Jacksonville University,6bd65afa,Florida,Jacksonville,30.3321838,-81.655651,0,
1127,Alexander Memorial Coliseum,6bd7b26a,Georgia,Atlanta,33.7489954,-84.3879824,0,
1128,The Ritz,53d243d5,North Carolina,Raleigh,35.772096,-78.6386145,0,
1129,Foellinger Auditorium,23d3c03b,Illinois,Urbana,40.1105875,-88.2072697,0,
1130,Bramlage Coliseum,23d6c0b7,Kansas,Manhattan,39.1836082,-96.5716694,0,
1131,"University of Nevada, Reno",3bd0984c,Nevada,Reno,39.5296329,-119.8138027,0,
1132,UCSD Price Center Ballroom,3bd7a4dc,California,La Jolla,32.8472695,-117.274204,0,
1133,"University of California, Riverside",3d3953f,California,Riverside,40.863741,-123.9706144,0,
1134,Graham Central Station,23d2d0cf,Arizona,Phoenix,33.4483771,-112.0740373,0,
1135,Student Union Building,6bd37a42,New Mexico,Albuquerque,35.084,-106.651,0,
1136,The Jon Stewart Show,6bd63212,New York,New York,40.7142691,-74.0059729,0,
1137,Waterloo Records,4bd6cb4a,Texas,Austin,30.267153,-97.7430608,0,
1138,Iowa Memorial Union Main Lounge,6bd60ee6,Iowa,Iowa City,41.6611277,-91.5301683,0,
1139,Agora,6bd712be,Ohio,Cleveland,41.4994954,-81.6954088,0,
1140,Mercer County Waterfront Park,23d504eb,New Jersey,Trenton,40.2170534,-74.7429385,0,
1141,Reitz Arena,2bd7502e,Maryland,Baltimore,39.2903848,-76.6121893,0,
1142,Tilles Center for the Performing Arts,23d29897,New York,Brookville,40.8131553,-73.5673482,0,
1143,Bob Carpenter Center,5bd67f68,Delaware,Newark,39.6837226,-75.7496572,0,
1144,Arnaud C. Marts Center,33d75839,Pennsylvania,Wilkes-Barre,41.2459149,-75.8813075,0,
1145,Orvis Activities Center,23d7502f,New York,Alfred,42.2542366,-77.7905509,0,
1146,Henderson Gymnasium,3bd54cec,Pennsylvania,Shippensburg,40.0506453,-77.5202647,0,
1147,Local 186,3bd75028,Massachusetts,Boston,42.3584308,-71.0597732,0,
1148,Maxwell's,23d2a497,New Jersey,Hoboken,40.7439906,-74.0323626,0,
1149,CBGB,3d7311b,New York,New York,40.7142691,-74.0059729,0,
1150,USC Aiken Convocation Center,4bd25b4a,South Carolina,Aiken,33.5604168,-81.7195533,0,
1151,The Nick,33d6c0fd,Alabama,Birmingham,33.5206608,-86.80249,0,
1152,Ace of Clubs,4bd6336a,Tennessee,Nashville,36.1658899,-86.7844432,0,
1153,New Daisy Theatre,6bd61e7e,Tennessee,Memphis,35.1495343,-90.0489801,0,
1154,Seattle Center Arena,33d6d415,Washington,Seattle,47.6062095,-122.3320708,0,
1155,The Vogue,bd63dae,Indiana,Indianapolis,39.7683765,-86.1580423,0,
1156,Small Planet Food and Spirits,1bd3dd38,Michigan,East Lansing,42.7369792,-84.4838654,0,
1157,Phoenix Plaza Amphitheater,bd491fe,Michigan,Pontiac,42.6389216,-83.2910468,0,
1158,Lazer Rock Amphitheater,23d7502b,Missouri,Kansas City,39.0997266,-94.5785667,0,
1159,Otherworld,4bd7d766,Missouri,St. Louis,38.6272733,-90.1978889,0,
1160,The Brewery Thunderdome,5bd0df14,Kentucky,Louisville,38.2542376,-85.759407,0,
1161,Peppermint Beach Club,43d62be3,Virginia,Virginia Beach,36.8529263,-75.977985,0,
1162,Fast Lane,bd625ca,New Jersey,Asbury Park,40.2203907,-74.0120817,0,
1163,Rocky Point Palladium,4bd62bea,Rhode Island,Warwick,41.700101,-71.4161671,0,
1164,The Grand Ballroom at Manhattan Center,73d63e29,New York,New York,40.7142691,-74.0059729,0,
1165,MTV 120 Minutes,2bd438b6,New York,New York,40.7142691,-74.0059729,0,
1166,Variety Playhouse,23d63c6b,Georgia,Atlanta,33.7489954,-84.3879824,0,
1167,The Abyss,23d6c4f7,Texas,Houston,29.7632836,-95.3632715,0,
1168,Glam Slam,bd62d8e,California,Los Angeles,34.052,-118.244,0,
1169,Mercury Cafe,4bd6037e,Colorado,Denver,39.7391536,-104.9847034,0,
1170,Vic Theatre,1bd63da8,Illinois,Chicago,41.850033,-87.6500523,0,
1171,Cody's,33d630ed,California,Visalia,36.3302284,-119.2920585,0,
1172,Audie’s Olympic Tavern,13d39d25,California,Fresno,36.7477272,-119.7723661,0,
1173,Club Lingerie,33d628f9,California,Los Angeles,34.052,-118.244,0,
1174,Cattle Club,7bd6c654,California,Sacramento,38.5815719,-121.4943996,0,
1175,Anza Club,6bd782ae,British Columbia,Vancouver,49.249657393,-123.119340403,0,
1176,OK Hotel,6bd246a6,Washington,Seattle,47.6062095,-122.3320708,0,
1177,Moe's Mo' Rockin' Cafe,53d6cf11,Washington,Seattle,47.6062095,-122.3320708,0,
1178,The Rock,13d61595,Arizona,Tucson,32.2217429,-110.926479,0,
1179,Berkeley Square,1bd62d94,California,Berkeley,37.8715926,-122.272747,0,
1180,RKCNDY,6bd6c656,Washington,Seattle,47.6062095,-122.3320708,0,
1181,Alex's Bar,3bd6d484,California,Long Beach,33.7669623,-118.1892348,0,
1182,Giant Sand,1bd751f0,Arizona,Tempe,33.414768,-111.9093095,0,
1183,Bob's Frolic III,1bd60db8,California,Los Angeles,34.052,-118.244,0,
1184,Gaslight,1bd75114,California,Los Angeles,34.052,-118.244,0,
1185,Thirsty Swede,bd7510e,California,San Francisco,37.775,-122.419,0,
1186,Brave New World,3d7510f,California,San Francisco,37.775,-122.419,0,
1187,Roxbury,1bd75108,California,Los Angeles,34.052,-118.244,0,
1188,Sunset Club,13d75109,California,Los Angeles,34.052,-118.244,0,
1189,Blue Saloon,3d7510b,California,Los Angeles,34.052,-118.244,0,
1190,Raji's,2bd62c46,California,Los Angeles,34.052,-118.244,0,
1191,Rhino Records Westwood,7bd6ce9c,California,Los Angeles,34.052,-118.244,0,
1192,Alligator Lounge,1bd7c13c,California,Santa Monica,34.0194543,-118.4911912,0,
1193,Anti-Club,23d62ceb,California,Los Angeles,34.052,-118.244,0,
1194,Al's Bar,73d6ce9d,California,Los Angeles,34.052,-118.244,0,
1195,Jabberjaw,5bd6c700,California,Los Angeles,34.052,-118.244,0,
1196,Club Dump,3bd630ec,California,Los Angeles,34.052,-118.244,0,
1197,Coconut Teaszer,53d6c755,California,Los Angeles,34.052,-118.244,0,
1198,English Acid,23d6ccfb,California,Los Angeles,34.052,-118.244,0,
1199,Molly Malone's,5bd233c0,California,Los Angeles,34.052,-118.244,0,
1200,Music Machine,7bd6c2f8,California,Los Angeles,34.052,-118.244,0,
1201,Genghis Cohen,2bd6cc06,California,Los Angeles,34.052,-118.244,0,
1202,Club 5902,6bd61242,California,Huntington Beach,33.660297,-117.9992265,0,
1203,Linda's Doll Hut,43d75367,California,Anaheim,33.8352932,-117.9145036,0,
1204,Munchies,4bd7070a,California,Pomona,34.0552886,-117.7522793,0,
1205,Johnson's Beach,13d72185,California,Guerneville,38.5018575,-122.9961102,0,
1206,Power Station,43d7070b,California,Eureka,40.8020712,-124.1636729,0,
1207,Marsugi's,4bd7c726,California,San Jose,37.3393857,-121.8949555,0,
1208,8121 Club,2bd6ccfa,California,Los Angeles,34.052,-118.244,0,
